0.224,Barnes,X S 22453,53,53,0.764,0.151,0.227,0.214,0.208,0.208,0.208,3000,2200,0,0
0.224,Barnes,'TSX'BT 22470,70,70,1.03,0.199,0.314,0.314,0.314,0.314,0.314,0,0,0,0
0.224,Barnes,'TSX' 22460,62,62,0.912,0.177,0.287,0.287,0.287,0.287,0.287,0,0,0,0
0.224,Barnes,MPG 22476,55,55,0.84,0.157,0.23,0.23,0.23,0.23,0.23,0,0,0,0
0.224,Barnes,'XLC' S 22455,53,53,0.765,0.151,0.231,0.231,0.231,0.231,0.231,0,0,0,0
0.224,Barnes,'X' S 22453,53,53,0.765,0.151,0.223,0.223,0.223,0.223,0.223,0,0,0,0
0.224,Barnes,'TSX' 22443,53,53,0.792,0.151,0.204,0.204,0.204,0.204,0.204,0,0,0,0
0.224,Barnes,Varm HP 22439,50,50,0.709,0.142,0.217,0.217,0.217,0.217,0.217,0,0,0,0
0.224,Barnes,VG 22486,50,50,0.84,0.142,0.183,0.183,0.183,0.183,0.183,0,0,0,0
0.224,Barnes,Solid Spitz 22402,50,50,0.795,0.142,0.231,0.231,0.231,0.231,0.231,0,0,0,0
0.224,Barnes,'XLC' S 22454,50,50,0.75,0.142,0.216,0.216,0.216,0.216,0.216,0,0,0,0
0.224,Barnes,'X' S 22450,50,50,0.75,0.142,0.216,0.216,0.216,0.216,0.216,0,0,0,0
0.224,Barnes,'VLC' S 22459,50,50,0.71,0.142,0.193,0.193,0.193,0.193,0.193,0,0,0,0
0.224,Barnes,BND SPIT 22425,45,45,0.768,0.128,0.195,0.195,0.195,0.195,0.195,0,0,0,0
0.224,Barnes,'XLC' BT 22452,45,45,0.705,0.128,0.203,0.203,0.203,0.203,0.203,0,0,0,0
0.224,Barnes,'X' BT 22445,45,45,0.705,0.128,0.203,0.203,0.203,0.203,0.203,0,0,0,0
0.224,Barnes,'TSX' FB 22441,45,45,0.705,0.128,0.203,0.203,0.203,0.203,0.203,0,0,0,0
0.224,Barnes,Varm HP 22429,40,40,0.585,0.114,0.175,0.175,0.175,0.175,0.175,0,0,0,0
0.224,Barnes,'VLC' 22449,40,40,0.61,0.114,0.169,0.169,0.169,0.169,0.169,0,0,0,0
0.224,Barnes,VG 22436,36,36,0.7,0.102,0.149,0.149,0.149,0.149,0.149,0,0,0,0
0.224,Berger,VLD,90,90,1.26,0.256,0.508,0.508,0.508,0.508,0.508,0,0,0,0
0.224,Berger,LTB,82,82,1.095,0.233,0.442,0.442,0.442,0.442,0.442,0,0,0,0
0.224,Berger,VLD,80,80,1.087,0.228,0.481,0.481,0.481,0.481,0.481,0,0,0,0
0.224,Berger,VLD,80,80,1.105,0.228,0.463,0.463,0.463,0.463,0.463,0,0,0,0
0.224,Berger,LTB,77,77,1.015,0.219,0.382,0.382,0.382,0.382,0.382,0,0,0,0
0.224,Berger,VLD,75,75,1.054,0.214,0.439,0.439,0.439,0.439,0.439,0,0,0,0
0.224,Berger,LTB,73,73,0.945,0.208,0.359,0.359,0.359,0.359,0.359,0,0,0,0
0.224,Berger,VLD,70,70,0.964,0.199,0.375,0.375,0.375,0.375,0.375,0,0,0,0
0.224,Berger,LTB,70,70,0.914,0.199,0.309,0.309,0.309,0.309,0.309,0,0,0,0
0.224,Berger,M,64,64,0.805,0.182,0.243,0.243,0.243,0.243,0.243,0,0,0,0
0.224,Berger,,64,64,0.815,0.182,0.301,0.301,0.301,0.301,0.301,0,0,0,0
0.224,Berger,M,62,62,0.805,0.177,0.237,0.237,0.237,0.237,0.237,0,0,0,0
0.224,Berger,,62,62,0.81,0.177,0.293,0.293,0.293,0.293,0.293,0,0,0,0
0.224,Berger,M,60,60,0.804,0.171,0.225,0.225,0.225,0.225,0.225,0,0,0,0
0.224,Berger,,60,60,0.801,0.171,0.283,0.283,0.283,0.283,0.283,0,0,0,0
0.224,Berger,M,55,55,0.75,0.157,0.216,0.216,0.216,0.216,0.216,0,0,0,0
0.224,Berger,,55,55,0.75,0.157,0.262,0.262,0.262,0.262,0.262,0,0,0,0
0.224,Berger,M,52,52,0.718,0.148,0.203,0.203,0.203,0.203,0.203,0,0,0,0
0.224,Berger,,52,52,0.719,0.148,0.246,0.246,0.246,0.246,0.246,0,0,0,0
0.224,Berger,M,50,50,0.715,0.142,0.195,0.195,0.195,0.195,0.195,0,0,0,0
0.224,Berger,,50,50,0.71,0.142,0.237,0.237,0.237,0.237,0.237,0,0,0,0
0.224,Berger,M,45,45,0.642,0.128,0.168,0.168,0.168,0.168,0.168,0,0,0,0
0.224,Berger,,45,45,0.648,0.128,0.198,0.198,0.198,0.198,0.198,0,0,0,0
0.224,Berger,M,40,40,0.613,0.114,0.149,0.149,0.149,0.149,0.149,0,0,0,0
0.224,Berger,M,40,40,0.612,0.114,0.157,0.157,0.157,0.157,0.157,0,0,0,0
0.224,Berger,M,30,30,0.612,0.085,0.119,0.119,0.119,0.119,0.119,0,0,0,0
0.224,CT,BalSilTip 51031,55,55,0.808,0.157,0.267,0.267,0.267,0.267,0.267,0,0,0,0
0.224,CT,BalSilTip 51010,50,50,0.791,0.142,0.238,0.238,0.238,0.238,0.238,0,0,0,0
0.224,CT,BalSilTip 51005,40,40,0.702,0.114,0.221,0.221,0.221,0.221,0.221,0,0,0,0
0.224,GS-Custom,HV No.086,60,60,0.94,0.171,0.41,0.41,0.41,0.41,0.41,0,0,0,0
0.224,GS-Custom,HP No.033,55,55,0.852,0.157,0.3,0.3,0.3,0.3,0.3,0,0,0,0
0.224,GS-Custom,HV No.096,50,50,0.791,0.142,0.387,0.387,0.387,0.387,0.387,0,0,0,0
0.224,GS-Custom,HP No.002,50,50,0.78,0.142,0.26,0.26,0.26,0.26,0.26,0,0,0,0
0.224,GS-Custom,HP No.001,45,45,0.726,0.128,0.25,0.25,0.25,0.25,0.25,0,0,0,0
0.224,GS-Custom,HV No.057,40,40,0.652,0.114,0.215,0.215,0.215,0.215,0.215,0,0,0,0
0.224,GS-Custom,HV No.058,35,35,0.554,0.1,0.203,0.203,0.203,0.203,0.203,0,0,0,0
0.224,H&N,RN HS,55,55,0.606,0.157,0.151,0.151,0.151,0.151,0.151,0,0,0,0
0.224,H&N,RN HS,45,45,0.518,0.128,0.125,0.125,0.125,0.125,0.125,0,0,0,0
0.224,HeviShot,DeadCoyote,70,70,0.882,0.199,0.298,0.298,0.298,0.298,0.298,0,0,0,0
0.224,Hirtenberger,ABC,70,70,N/A,0.199,0.216,0.216,0.216,0.216,0.216,0,0,0,0
0.224,Hornady,A-MAX 22832,80,80,1.16,0.228,0.453,0.453,0.453,0.453,0.453,0,0,0,0
0.224,Hornady,BTHP M 2279,75,75,0.98,0.214,0.395,0.395,0.395,0.395,0.395,0,0,0,0
0.224,Hornady,A-MAX 22792,75,75,1.08,0.214,0.432,0.432,0.432,0.432,0.432,0,0,0,0
0.224,Hornady,A-MAX 22792,75,75,1.07,0.214,0.435,0.435,0.435,0.435,0.435,0,0,0,0
0.224,Hornady,BTHP M 2278,68,68,0.985,0.194,0.355,0.355,0.355,0.355,0.355,0,0,0,0
0.224,Hornady,V-MAX FB 22281,60,60,0.87,0.171,0.265,0.265,0.265,0.265,0.265,0,0,0,0
0.224,Hornady,SP 2270,60,60,0.7,0.171,0.264,0.264,0.264,0.264,0.264,0,0,0,0
0.224,Hornady,HP 2275,60,60,0.795,0.171,0.271,0.271,0.271,0.271,0.271,0,0,0,0
0.224,Hornady,V-MAX FB 22271,55,55,0.813,0.157,0.252,0.252,0.252,0.252,0.252,0,0,0,0
0.224,Hornady,SXSP 2260,55,55,0.63,0.157,0.235,0.235,0.235,0.235,0.235,0,0,0,0
0.224,Hornady,SP w/c 2266,55,55,0.715,0.157,0.235,0.235,0.235,0.235,0.235,0,0,0,0
0.224,Hornady,SP 2265,55,55,0.715,0.157,0.235,0.235,0.235,0.235,0.235,0,0,0,0
0.224,Hornady,FMJ-BT w/c 2267,55,55,0.735,0.157,0.243,0.243,0.243,0.243,0.243,0,0,0,0
0.224,Hornady,HP M 2250,53,53,0.715,0.151,0.218,0.218,0.218,0.218,0.218,0,0,0,0
0.224,Hornady,BTHP M 2249,52,52,0.71,0.148,0.229,0.229,0.229,0.229,0.229,0,0,0,0
0.224,Hornady,A-MAX 22492,52,52,0.797,0.148,0.247,0.247,0.247,0.247,0.247,0,0,0,0
0.224,Hornady,V-MAX BT 22261,50,50,0.8,0.142,0.242,0.242,0.242,0.242,0.242,0,0,0,0
0.224,Hornady,SXSP 2240,50,50,0.595,0.142,0.214,0.214,0.214,0.214,0.214,0,0,0,0
0.224,Hornady,SP 2245,50,50,0.66,0.142,0.214,0.214,0.214,0.214,0.214,0,0,0,0
0.224,Hornady,HP/BEE 2229,45,45,0.5,0.128,0.108,0.108,0.108,0.108,0.108,0,0,0,0
0.224,Hornady,HORNET 2230,45,45,0.61,0.128,0.202,0.202,0.202,0.202,0.202,0,0,0,0
0.224,Hornady,V-MAX BT 22241,40,40,0.689,0.114,0.2,0.2,0.2,0.2,0.2,0,0,0,0
0.224,Hornady,V-MAX 22252,35,35,0.517,0.1,0.109,0.109,0.109,0.109,0.109,0,0,0,0
0.224,IMI,FMJBT SS109,62,62,0.869,0.177,0.307,0.307,0.307,0.307,0.307,0,0,0,0
0.224,IMI,FMJBT M855,62,62,0.872,0.177,0.349,0.349,0.349,0.349,0.349,0,0,0,0
0.224,IMI,FMJBT M193,55,55,0.745,0.157,0.274,0.274,0.274,0.274,0.274,0,0,0,0
0.224,Impala,LWHV LS Bullet,35,35,0.661,0.1,0.16,0.155,0.15,0.145,0.145,3035,2700,2000,0
0.224,Impala,RNFP KO Bullet,50,50,0.756,0.142,0.155,0.155,0.155,0.155,0.155,0,0,0,0
0.224,Impala,LWHV LS Bullet,50,50,0.893,0.142,0.204,0.204,0.204,0.204,0.204,0,0,0,0
0.224,Impala,RNFP KO Bullet,45,45,0.692,0.128,0.12,0.12,0.12,0.12,0.12,0,0,0,0
0.224,Impala,LWHV LS Bullet,30,30,0.532,0.085,0.12,0.12,0.12,0.12,0.12,0,0,0,0
0.224,JLK,VLD 2290,90,90,1.225,0.256,0.58,0.58,0.58,0.58,0.58,0,0,0,0
0.224,JLK,VLD 2280,80,80,1.12,0.228,0.51,0.51,0.51,0.51,0.51,0,0,0,0
0.224,JLK,VLD 2275,75,75,1.05,0.214,0.425,0.425,0.425,0.425,0.425,0,0,0,0
0.224,JLK,LD,65,65,0.94,0.185,0.397,0.397,0.397,0.397,0.397,0,0,0,0
0.224,JLK,LD,60,60,0.805,0.171,0.339,0.339,0.339,0.339,0.339,0,0,0,0
0.224,JLK,LD,55,55,0.77,0.157,0.33,0.33,0.33,0.33,0.33,0,0,0,0
0.224,JLK,LD,52,52,0.765,0.148,0.309,0.309,0.309,0.309,0.309,0,0,0,0
0.224,LYM,LRN GC 225462,57,57.75,0.61,0.164,0.107,0.131,0.152,0.152,0.152,2400,1800,0,0
0.224,LYM,LFN GC 225415,49,49.75,0.58,0.142,0.116,0.14,0.168,0.208,0.2,2400,1800,1300,800
0.224,LYM,LRN GC 225438,44,44.75,0.5,0.127,0.094,0.107,0.122,0.15,0.16,2400,1800,1300,800
0.224,LYM,LFN GC 225107,37,37.75,0.42,0.107,0.091,0.099,0.108,0.108,0.108,2400,1800,0,0
0.224,Lapua,SPBT B421,71,71,0.88,0.202,0.372,0.372,0.372,0.372,0.372,0,0,0,0
0.224,Lapua,Scenar GB501 5010,70,70,0.965,0.199,0.321,0.321,0.321,0.321,0.321,0,0,0,0
0.224,Lapua,SP E372 5004,55,55,0.669,0.157,0.202,0.202,0.202,0.202,0.202,0,0,0,0
0.224,Lapua,SP E369 5002,55,55,0.669,0.157,0.208,0.208,0.208,0.208,0.208,0,0,0,0
0.224,Lapua,FMJ S382 5001,55,55,0.709,0.157,0.245,0.245,0.245,0.245,0.245,0,0,0,0
0.224,Lapua,FMJ S350 5003,55,55,0.709,0.157,0.251,0.251,0.251,0.251,0.251,0,0,0,0
0.224,Lapua,HPCE G494 5007,51,51,0.722,0.145,0.221,0.221,0.221,0.221,0.221,0,0,0,0
0.224,Lapua,SP E346,50,50,0.61,0.142,0.18,0.18,0.18,0.18,0.18,0,0,0,0
0.224,MEN,SP,55,55,N/A,0.157,0.236,0.236,0.236,0.236,0.236,0,0,0,0
0.224,MEN,FMJ,55,55,N/A,0.157,0.251,0.251,0.251,0.251,0.251,0,0,0,0
0.224,MEN,SPBT Match,52,52,N/A,0.148,0.219,0.219,0.219,0.219,0.219,0,0,0,0
0.224,MEN,SP,50,50,N/A,0.142,0.221,0.221,0.221,0.221,0.221,0,0,0,0
0.224,MEN,FMJ,50,50,N/A,0.142,0.183,0.183,0.183,0.183,0.183,0,0,0,0
0.224,MEN,SP,45,45,N/A,0.128,0.15,0.15,0.15,0.15,0.15,0,0,0,0
0.224,MEN,FMJ RN,45,45,N/A,0.128,0.133,0.133,0.133,0.133,0.133,0,0,0,0
0.224,Mil,FMJ - S109,63,63,0.866,0.179,0.307,0.307,0.307,0.307,0.307,0,0,0,0
0.224,Mil,FMJ - L110-T,60,60,1.04,0.171,0.46,0.46,0.46,0.46,0.46,0,0,0,0
0.224,Mil,FMJ - M193,55,55,0.745,0.157,0.274,0.274,0.274,0.274,0.274,0,0,0,0
0.224,Norma,RN 65705,62,62,0.744,0.177,0.21,0.21,0.21,0.21,0.21,0,0,0,0
0.224,Norma,SP 65704,53,53,0.712,0.151,0.23,0.23,0.23,0.23,0.23,0,0,0,0
0.224,Norma,SSP 65701,50,50,0.637,0.142,0.18,0.18,0.18,0.18,0.18,0,0,0,0
0.224,Norma,FMJ 65702,50,50,0.643,0.142,0.19,0.19,0.19,0.19,0.19,0,0,0,0
0.224,Nosler,HPBT 25116,80,80,1.065,0.228,0.415,0.415,0.415,0.415,0.415,0,0,0,0
0.224,Nosler,HPBT 22421,77,77,0.98,0.219,0.34,0.34,0.34,0.34,0.34,0,0,0,0
0.224,Nosler,HPBT 17101,69,69,0.9,0.196,0.305,0.305,0.305,0.305,0.305,0,0,0,0
0.224,Nosler,Partition 16316,60,60,0.79,0.171,0.228,0.228,0.228,0.228,0.228,0,0,0,0
0.224,Nosler,Partit 16316,60,60,0.782,0.171,0.228,0.228,0.228,0.228,0.228,0,0,0,0
0.224,Nosler,BalTip 34992,60,60,0.856,0.171,0.27,0.27,0.27,0.27,0.27,0,0,0,0
0.224,Nosler,BalTip 39526,55,55,0.807,0.157,0.267,0.267,0.267,0.267,0.267,0,0,0,0
0.224,Nosler,BalTip 39526,55,55,0.81,0.157,0.267,0.267,0.267,0.267,0.267,0,0,0,0
0.224,Nosler,BalSilTip 51031,55,55,0.81,0.157,0.267,0.267,0.267,0.267,0.267,0,0,0,0
0.224,Nosler,HPBT 53249,52,52,0.73,0.148,0.22,0.22,0.22,0.22,0.22,0,0,0,0
0.224,Nosler,HP SolBase 28467,50,50,0.77,0.142,0.201,0.201,0.201,0.201,0.201,0,0,0,0
0.224,Nosler,BalTip 39522,50,50,0.795,0.142,0.238,0.238,0.238,0.238,0.238,0,0,0,0
0.224,Nosler,BalTip 39522,50,50,0.8,0.142,0.238,0.238,0.238,0.238,0.238,0,0,0,0
0.224,Nosler,BalSilTip 51010,50,50,0.8,0.142,0.238,0.238,0.238,0.238,0.238,0,0,0,0
0.224,Nosler,SP SolBase 35487,45,45,0.56,0.128,0.144,0.144,0.144,0.144,0.144,0,0,0,0
0.224,Nosler,BalTip 39510,40,40,0.699,0.114,0.221,0.221,0.221,0.221,0.221,0,0,0,0
0.224,Nosler,BalSilTip 51005,40,40,0.699,0.114,0.221,0.221,0.221,0.221,0.221,0,0,0,0
0.224,PMC,PSP,64,64,N/A,0.182,0.285,0.285,0.285,0.285,0.285,0,0,0,0
0.224,PMC,PSP,55,55,N/A,0.157,0.226,0.226,0.226,0.226,0.226,0,0,0,0
0.224,PMC,HPBT,55,55,N/A,0.157,0.176,0.176,0.176,0.176,0.176,0,0,0,0
0.224,PMC,FMJ,55,55,N/A,0.157,0.265,0.265,0.265,0.265,0.265,0,0,0,0
0.224,PMC,PSP,50,50,N/A,0.142,0.216,0.216,0.216,0.216,0.216,0,0,0,0
0.224,PMP,SP,55,55,0.705,0.157,0.2,0.2,0.2,0.2,0.2,0,0,0,0
0.224,PMP,FMJ BT,55,55,0.776,0.157,0.279,0.279,0.279,0.279,0.279,0,0,0,0
0.224,PMP,SP,50,50,0.669,0.142,0.199,0.199,0.199,0.199,0.199,0,0,0,0
0.224,Powell,BT Tungsten,87,87,1,0.248,0.5,0.5,0.5,0.5,0.5,0,0,0,0
0.224,PowellRiverLabs,BT TungstenAlloy,87,87,1,0.248,0.5,0.5,0.5,0.5,0.5,0,0,0,0
0.224,PrviPartizan,HP BT B-481,75,75,0.972,0.214,0.35,0.35,0.35,0.35,0.35,0,0,0,0
0.224,PrviPartizan,FMJ BT B-419,62,62,0.807,0.177,0.28,0.28,0.28,0.28,0.28,0,0,0,0
0.224,PrviPartizan,SP B-211,55,55,0.688,0.157,0.21,0.21,0.21,0.21,0.21,0,0,0,0
0.224,PrviPartizan,FMJ BT B-212,55,55,0.74,0.157,0.25,0.25,0.25,0.25,0.25,0,0,0,0
0.224,PrviPartizan,SP B-032,50,50,0.637,0.142,0.19,0.19,0.19,0.19,0.19,0,0,0,0
0.224,RCBS,SP GC 22-055-SP,57,57,0.63,0.162,0.16,0.16,0.16,0.16,0.16,0,0,0,0
0.224,RCBS,SP GC 22-055-SP,53,53,0.6,0.151,0.149,0.149,0.149,0.149,0.149,0,0,0,0
0.224,RUAG,SM-HPBT Styx,69,69,0.878,0.196,0.305,0.305,0.305,0.305,0.305,0,0,0,0
0.224,RUAG,FMJ GP90,63,63,0.868,0.179,0.345,0.345,0.345,0.345,0.345,0,0,0,0
0.224,RUAG,AP-FMJHC,63,63,0.827,0.179,0.342,0.342,0.342,0.342,0.342,0,0,0,0
0.224,RWS,VMS,74,74.07,0.905,0.211,0.26,0.26,0.26,0.26,0.26,0,0,0,0
0.224,RWS,KS,74,74.07,0.905,0.211,0.26,0.26,0.26,0.26,0.26,0,0,0,0
0.224,RWS,TMS,63,63.3,0.793,0.18,0.24,0.24,0.24,0.24,0.24,0,0,0,0
0.224,RWS,TMS,56,55.55,0.669,0.158,0.207,0.207,0.207,0.207,0.207,0,0,0,0
0.224,RWS,MJ,56,55.55,0.708,0.158,0.151,0.151,0.151,0.151,0.151,0,0,0,0
0.224,RWS,VMS,50,50,0.63,0.142,0.186,0.186,0.186,0.186,0.186,0,0,0,0
0.224,RWS,TMS,50,50,0.63,0.142,0.186,0.186,0.186,0.186,0.186,0,0,0,0
0.224,RWS,MJ,50,50,0.63,0.142,0.141,0.141,0.141,0.141,0.141,0,0,0,0
0.224,RWS,VMS,46,46.29,0.57,0.132,0.152,0.152,0.152,0.152,0.152,0,0,0,0
0.224,RWS,TMS,46,46.29,0.57,0.132,0.152,0.152,0.152,0.152,0.152,0,0,0,0
0.224,RWS,MJ,46,46.29,0.57,0.132,0.14,0.14,0.14,0.14,0.14,0,0,0,0
0.224,RWS,SG,45,45,0.531,0.128,0.123,0.123,0.123,0.123,0.123,0,0,0,0
0.224,RWS,VMF,40,40.123,0.46,0.114,0.122,0.122,0.122,0.122,0.122,0,0,0,0
0.224,RWS,TMH,40,40.123,0.46,0.114,0.122,0.122,0.122,0.122,0.122,0,0,0,0
0.224,Reichenberg,HDB Universal,65,65,0.89,0.185,0.155,0.155,0.155,0.155,0.155,0,0,0,0
0.224,Reichenberg,Spez. Jagd,64,64,0.833,0.182,0.15,0.15,0.15,0.15,0.15,0,0,0,0
0.224,Reichenberg,HDB Universal,55,55,0.78,0.157,0.129,0.129,0.129,0.129,0.129,0,0,0,0
0.224,Reichenberg,Spez. Jagd,54,54,0.709,0.154,0.125,0.125,0.125,0.125,0.125,0,0,0,0
0.224,Reichenberg,HDB Universal,45,45,0.65,0.128,0.12,0.12,0.12,0.12,0.12,0,0,0,0
0.224,Reichenberg,Spez. Jagd,44,44,0.592,0.125,0.119,0.119,0.119,0.119,0.119,0,0,0,0
0.224,Reichenberg,HDB Universal,40,40,0.548,0.114,0.11,0.11,0.11,0.11,0.11,0,0,0,0
0.224,Remington,HP Match,62,60,N/A,0.171,0.246,0.246,0.246,0.246,0.246,0,0,0,0
0.224,Remington,PSP,55,55,0.691,0.157,0.197,0.197,0.197,0.197,0.197,0,0,0,0
0.224,Remington,HP PowerLokt,55,55,N/A,0.157,0.209,0.209,0.209,0.209,0.209,0,0,0,0
0.224,Remington,FMC,55,55,N/A,0.157,0.272,0.272,0.272,0.272,0.272,0,0,0,0
0.224,Remington,V-Max,50,50,0.638,0.142,0.237,0.237,0.237,0.237,0.237,0,0,0,0
0.224,Remington,PSP,50,50,0.638,0.142,0.175,0.175,0.175,0.175,0.175,0,0,0,0
0.224,Remington,HP PowerLokt,50,50,N/A,0.142,0.188,0.188,0.188,0.188,0.188,0,0,0,0
0.224,Remington,PSP,45,45,N/A,0.128,0.13,0.13,0.13,0.13,0.13,0,0,0,0
0.224,Remington,HP,45,45,N/A,0.128,0.13,0.13,0.13,0.13,0.13,0,0,0,0
0.224,Sako,SP 110G,55,55,0.701,0.157,0.207,0.207,0.207,0.207,0.207,0,0,0,0
0.224,Sako,HP 111G,52,52,N/A,0.148,0.238,0.238,0.238,0.238,0.238,0,0,0,0
0.224,Sako,SP 106G,50,50,0.63,0.142,0.181,0.181,0.181,0.181,0.181,0,0,0,0
0.224,Sako,FMJ 105G,50,50,0.63,0.142,0.181,0.181,0.181,0.181,0.181,0,0,0,0
0.224,Sako,HP 112G,40,40,N/A,0.114,0.171,0.171,0.171,0.171,0.171,0,0,0,0
0.224,Sellier-Bellot,SP 2914,55,55,0.752,0.157,0.255,0.255,0.255,0.255,0.255,0,0,0,0
0.224,Sellier-Bellot,FMJ 2903,55,55,0.76,0.157,0.255,0.255,0.255,0.255,0.255,0,0,0,0
0.224,Sellier-Bellot,SPSemiSp 2913,50,50,0.638,0.142,0.179,0.179,0.179,0.179,0.179,0,0,0,0
0.224,Sellier-Bellot,FMJ 2902,50,50,0.689,0.142,0.244,0.244,0.244,0.244,0.244,0,0,0,0
0.224,Sellier-Bellot,SPRN 2911,45,45,0.539,0.128,0.122,0.122,0.122,0.122,0.122,0,0,0,0
0.224,Sellier-Bellot,FMJ 2901,45,45,0.567,0.128,0.122,0.122,0.122,0.122,0.122,0,0,0,0
0.224,Shilen,HP 7 cal Ogive,52,52,0.7,0.148,0.295,0.295,0.295,0.295,0.295,0,0,0,0
0.224,Sierra,Blitzking 1450,50,50,0.786,0.142,0.244,0.239,0.228,0.218,0.2,3300,2650,2050,1800
0.224,Sierra,Blitzking 1455,55,55,0.79,0.157,0.266,0.259,0.246,0.232,0.22,3100,2550,2050,1800
0.224,Sierra,HPBT MatchK 9377,77,77,0.985,0.219,0.372,0.362,0.362,0.343,0.343,3000,2500,1700,0
0.224,Sierra,C-HPBT MatchK 1478,77,77,0.985,0.219,0.372,0.362,0.362,0.343,0.343,3000,2500,1700,0
0.224,Sierra,SPBT 1365,55,55,0.722,0.157,0.246,0.241,0.231,0.231,0.231,3000,2000,0,0
0.224,Sierra,FMJ BT 1355,55,55,0.738,0.157,0.267,0.241,0.231,0.231,0.231,3000,2400,0,0
0.224,Sierra,HPBT MatchK 1410,52,52,0.717,0.148,0.221,0.214,0.208,0.208,0.208,3000,2200,0,0
0.224,Sierra,SP 1310,45,45,0.625,0.128,0.206,0.193,0.178,0.178,0.178,3000,1800,0,0
0.224,Sierra,Blitzking 1440,40,40,0.67,0.114,0.193,0.179,0.174,0.168,0.168,3000,2750,2250,0
0.224,Sierra,HPBT MatchK 1380,69,69,0.898,0.196,0.296,0.3,0.312,0.312,0.312,2800,2200,0,0
0.224,Sierra,SP SemiSp 1370,63,63,0.755,0.179,0.227,0.231,0.236,0.236,0.236,2800,2000,0,0
0.224,Sierra,HP 1375,60,60,0.792,0.171,0.242,0.236,0.242,0.242,0.242,2800,2000,0,0
0.224,Sierra,SP SemiSp 1350,55,55,0.69,0.157,0.2,0.208,0.216,0.216,0.216,2800,1800,0,0
0.224,Sierra,SP Blitz 1345,55,55,0.722,0.157,0.233,0.235,0.226,0.226,0.226,2800,1800,0,0
0.224,Sierra,SP 1360,55,55,0.71,0.157,0.233,0.235,0.226,0.226,0.226,2800,1800,0,0
0.224,Sierra,HPBT 1390,55,55,0.715,0.157,0.182,0.186,0.19,0.19,0.19,2800,1800,0,0
0.224,Sierra,HPBT 1390,55,55,0.72,0.157,0.182,0.186,0.19,0.19,0.19,2800,1800,0,0
0.224,Sierra,HP MatchK 1400,53,53,0.698,0.151,0.22,0.213,0.205,0.205,0.205,2800,1800,0,0
0.224,Sierra,HP MK 1400,53,53,0.701,0.151,0.22,0.213,0.205,0.205,0.205,2800,1800,0,0
0.224,Sierra,SP SemiSp 1320,50,50,0.64,0.142,0.189,0.187,0.187,0.187,0.187,2800,1800,0,0
0.224,Sierra,SP Blitz 1340,50,50,0.66,0.142,0.218,0.213,0.203,0.203,0.203,2800,1800,0,0
0.224,Sierra,SP 1330,50,50,0.676,0.142,0.218,0.213,0.203,0.203,0.203,2800,1800,0,0
0.224,Sierra,SP SemiSp 1300,45,45,0.585,0.128,0.162,0.165,0.17,0.17,0.17,2800,2000,0,0
0.224,Sierra,SP HORNET 1210,45,45,0.53,0.128,0.129,0.135,0.149,0.149,0.149,2800,2000,0,0
0.224,Sierra,SP Horn 1200,40,40,0.484,0.114,0.12,0.12,0.133,0.133,0.133,2800,2000,0,0
0.224,Sierra,SP HORNET 1200,40,40,0.488,0.114,0.114,0.12,0.133,0.133,0.133,2800,2000,0,0
0.224,Sierra,SPBT 1395,65,65,0.852,0.185,0.303,0.297,0.293,0.287,0.27,2750,2450,2150,1150
0.224,Sierra,HP 1385,40,40,0.565,0.114,0.152,0.157,0.162,0.162,0.162,2400,2000,0,0
0.224,Sierra,HPBT MatchKing 9290,90,90,1.169,0.256,0.504,0.511,0.5,0.467,0.4,2200,1900,1750,1575
0.224,Sierra,HPBT LR MatchK 9390,80,80,1.09,0.228,0.413,0.393,0.386,0.386,0.386,2200,1800,0,0
0.224,Sierra,SP,63,63,0.758,0.179,0.179,0.179,0.179,0.179,0.179,0,0,0,0
0.224,Sinterfire,SF223 WTP,55,55,0.882,0.157,0.173,0.173,0.173,0.173,0.173,0,0,0,0
0.224,Sinterfire,SF223 WTP,47,47,0.837,0.134,0.137,0.137,0.137,0.137,0.137,0,0,0,0
0.224,Sinterfire,SF223 WTP,45,45,0.75,0.128,0.125,0.125,0.125,0.125,0.125,0,0,0,0
0.224,Sinterfire,SFR233 WTP,42,42,0.742,0.12,0.12,0.12,0.12,0.12,0.12,0,0,0,0
0.224,Sinterfire,SF223 WTP,42,42,0.715,0.12,0.119,0.119,0.119,0.119,0.119,0,0,0,0
0.224,Sinterfire,SF223 RP,42,42,0.733,0.12,0.122,0.122,0.122,0.122,0.122,0,0,0,0
0.224,Sinterfire,SF223 MTP,42,42,0.75,0.12,0.122,0.122,0.122,0.122,0.122,0,0,0,0
0.224,Speer,SSP 1053,70,70,0.808,0.199,0.219,0.219,0.219,0.219,0.219,0,0,0,0
0.224,Speer,FMJ 1050,62,62,0.935,0.177,0.307,0.307,0.307,0.307,0.307,0,0,0,0
0.224,Speer,TNT 1032,55,55,0.717,0.157,0.233,0.233,0.233,0.233,0.233,0,0,0,0
0.224,Speer,TBBC 1725,55,55,0.727,0.157,0.201,0.201,0.201,0.201,0.201,0,0,0,0
0.224,Speer,SP w/C 1049,55,55,0.705,0.157,0.212,0.212,0.212,0.212,0.212,0,0,0,0
0.224,Speer,SP 1047,55,55,0.7,0.157,0.212,0.212,0.212,0.212,0.212,0,0,0,0
0.224,Speer,FMJ 1044,55,55,0.72,0.157,0.269,0.269,0.269,0.269,0.269,0,0,0,0
0.224,Speer,HP 1035,52,52,0.715,0.148,0.225,0.225,0.225,0.225,0.225,0,0,0,0
0.224,Speer,BTHP M 1036,52,52,0.72,0.148,0.23,0.23,0.23,0.23,0.23,0,0,0,0
0.224,Speer,SP 1029,50,50,0.63,0.142,0.207,0.207,0.207,0.207,0.207,0,0,0,0
0.224,Speer,MHP 1031,50,50,0.69,0.142,0.23,0.23,0.23,0.23,0.23,0,0,0,0
0.224,Speer,HP TNT 1030,50,50,0.69,0.142,0.228,0.228,0.228,0.228,0.228,0,0,0,0
0.224,Speer,FNSP 1024,46,46,0.483,0.131,0.087,0.087,0.087,0.087,0.087,0,0,0,0
0.224,Speer,SP 1023,45,45,0.57,0.128,0.143,0.143,0.143,0.143,0.143,0,0,0,0
0.224,Speer,SSP 1017,40,40,0.495,0.114,0.144,0.144,0.144,0.144,0.144,0,0,0,0
0.224,Speer,TNT 1014,33,33,0.438,0.094,0.08,0.08,0.08,0.08,0.08,0,0,0,0
0.224,Swift,Scirocco,75,75,1.085,0.214,0.419,0.419,0.419,0.419,0.419,0,0,0,0
0.224,WestCoast,Frangible,42,42,0.715,0.12,0.12,0.12,0.12,0.12,0.12,0,0,0,0
0.224,Winchester,HPBT,69,69,N/A,0.196,0.297,0.297,0.297,0.297,0.297,0,0,0,0
0.224,Winchester,PSP,55,55,N/A,0.157,0.208,0.208,0.208,0.208,0.208,0,0,0,0
0.224,Winchester,FMC,55,55,N/A,0.157,0.272,0.272,0.272,0.272,0.272,0,0,0,0
0.224,Winchester,HP,53,53,N/A,0.151,0.223,0.223,0.223,0.223,0.223,0,0,0,0
0.224,Winchester,HPBT,52,52,N/A,0.148,0.222,0.222,0.222,0.222,0.222,0,0,0,0
0.224,Winchester,PSP,50,50,N/A,0.142,0.175,0.175,0.175,0.175,0.175,0,0,0,0
0.224,Winchester,FMC,50,50,N/A,0.142,0.175,0.175,0.175,0.175,0.175,0,0,0,0
0.224,Winchester,SP,46,46,N/A,0.131,0.134,0.134,0.134,0.134,0.134,0,0,0,0
0.224,Winchester,HP Match,46,46,N/A,0.131,0.135,0.135,0.135,0.135,0.135,0,0,0,0
0.308,A-Square,DeadTough,180,180,N/A,0.271,0.249,0.249,0.249,0.249,0.249,0,0,0,0
0.308,A-Square,MONO RN,180,180,1.03,0.271,0.249,0.249,0.249,0.249,0.249,0,0,0,0
0.308,A-Square,MONO RN,220,220,N/A,0.331,0.297,0.297,0.297,0.297,0.297,0,0,0,0
0.308,Barnaul,SP,203,203,1.25,0.306,0.58,0.58,0.58,0.58,0.58,0,0,0,0
0.308,Barnes,'X' FN 30800,100,100,0.945,0.151,0.15,0.15,0.15,0.15,0.15,0,0,0,0
0.308,Barnes,Solid 30811,110,110,0.96,0.166,0.331,0.331,0.331,0.331,0.331,0,0,0,0
0.308,Barnes,'X' S 30805,125,125,1,0.188,0.344,0.344,0.344,0.344,0.344,0,0,0,0
0.308,Barnes,Solid 30812,125,125,1.095,0.188,0.365,0.365,0.365,0.365,0.365,0,0,0,0
0.308,Barnes,'X' BT 30808,130,130,1.07,0.196,0.34,0.34,0.34,0.34,0.34,0,0,0,0
0.308,Barnes,'XLC' BT 30851,130,130,1.07,0.196,0.34,0.34,0.34,0.34,0.34,0,0,0,0
0.308,Barnes,'TSX'BT 30838,130,130,1.083,0.196,0.34,0.34,0.34,0.34,0.34,0,0,0,0
0.308,Barnes,'TTSX'BT 30873,130,130,1.189,0.196,0.35,0.35,0.35,0.35,0.35,0,0,0,0
0.308,Barnes,'X' BT 30810,140,140,1.145,0.211,0.391,0.391,0.391,0.391,0.391,0,0,0,0
0.308,Barnes,MPG 30814,140,140,1.33,0.211,0.391,0.391,0.391,0.391,0.391,0,0,0,0
0.308,Barnes,'TSX'BT 30841,150,150,1.283,0.226,0.369,0.369,0.369,0.369,0.369,0,0,0,0
0.308,Barnes,'TTSX'BT 30875,150,150,1.288,0.226,0.42,0.42,0.42,0.42,0.42,0,0,0,0
0.308,Barnes,'MRX'BT 30882,150,150,1.31,0.226,0.42,0.42,0.42,0.42,0.42,0,0,0,0
0.308,Barnes,'X' BT 30817,150,150,1.205,0.226,0.366,0.366,0.366,0.366,0.366,0,0,0,0
0.308,Barnes,'X' FN 30819,150,150,1.06,0.226,0.269,0.269,0.269,0.269,0.269,0,0,0,0
0.308,Barnes,'TSX' FN 30820,150,150,1.08,0.226,0.184,0.184,0.184,0.184,0.184,0,0,0,0
0.308,Barnes,'X' S 30815,150,150,1.205,0.226,0.379,0.379,0.379,0.379,0.379,0,0,0,0
0.308,Barnes,'XLC' BT 30854,150,150,1.2,0.226,0.38,0.38,0.38,0.38,0.38,0,0,0,0
0.308,Barnes,'X' BT 30827,165,165,1.3,0.248,0.38,0.38,0.38,0.38,0.38,0,0,0,0
0.308,Barnes,'TSX'BT 30843,165,165,1.295,0.248,0.38,0.38,0.38,0.38,0.38,0,0,0,0
0.308,Barnes,'MRX'BT 30885,165,165,1.32,0.248,0.439,0.439,0.439,0.439,0.439,0,0,0,0
0.308,Barnes,'X' FN 30829,165,165,1.165,0.248,0.297,0.297,0.297,0.297,0.297,0,0,0,0
0.308,Barnes,'X' S 30825,165,165,1.28,0.248,0.38,0.38,0.38,0.38,0.38,0,0,0,0
0.308,Barnes,'XLC' BT 30857,165,165,1.3,0.248,0.37,0.37,0.37,0.37,0.37,0,0,0,0
0.308,Barnes,Solid 30822,165,165,1.39,0.248,0.47,0.47,0.47,0.47,0.47,0,0,0,0
0.308,Barnes,BND SPIT 30816,165,165,1.4,0.248,0.438,0.438,0.438,0.438,0.438,0,0,0,0
0.308,Barnes,X BT 30827,165,165,1.287,0.248,0.448,0.448,0.448,0.448,0.448,0,0,0,0
0.308,Barnes,'TSX'BT 30844,168,168,1.315,0.253,0.404,0.404,0.404,0.404,0.404,0,0,0,0
0.308,Barnes,'TTSX'BT 30878,168,168,1.431,0.253,0.47,0.47,0.47,0.47,0.47,0,0,0,0
0.308,Barnes,'XLC'BT 30854,168,168,1.305,0.253,0.476,0.476,0.476,0.476,0.476,0,0,0,0
0.308,Barnes,'TSX'BT 30846,180,180,1.388,0.271,0.453,0.453,0.453,0.453,0.453,0,0,0,0
0.308,Barnes,'TTSX'BT 30879,180,180,1.49,0.271,0.484,0.484,0.484,0.484,0.484,0,0,0,0
0.308,Barnes,'MRX'BT 30888,180,180,1.37,0.271,0.473,0.473,0.473,0.473,0.473,0,0,0,0
0.308,Barnes,'X' BT 30840,180,180,1.39,0.271,0.452,0.452,0.452,0.452,0.452,0,0,0,0
0.308,Barnes,'X' S 30835,180,180,1.35,0.271,0.45,0.45,0.45,0.45,0.45,0,0,0,0
0.308,Barnes,'XLC' BT 30859,180,180,1.39,0.271,0.452,0.452,0.452,0.452,0.452,0,0,0,0
0.308,Barnes,'XLC' S 30858,180,180,1.35,0.271,0.45,0.45,0.45,0.45,0.45,0,0,0,0
0.308,Barnes,'X' S 30845,200,200,1.475,0.301,0.42,0.42,0.42,0.42,0.42,0,0,0,0
0.308,Barnes,'TSX' S 30848,200,200,1.497,0.301,0.423,0.423,0.423,0.423,0.423,0,0,0,0
0.308,Barnes,Solid RN 30842,220,220,1.514,0.331,0.3,0.3,0.3,0.3,0.3,0,0,0,0
0.308,Barnes,RNSP 0.032 30860,250,250,1.42,0.376,0.41,0.41,0.41,0.41,0.41,0,0,0,0
0.308,Berger,,110,110,1.016,0.166,0.299,0.299,0.299,0.299,0.299,0,0,0,0
0.308,Berger,,125,125,1.026,0.188,0.335,0.335,0.335,0.335,0.335,0,0,0,0
0.308,Berger,,135,135,1.084,0.203,0.361,0.361,0.361,0.361,0.361,0,0,0,0
0.308,Berger,,150,150,1.172,0.226,0.401,0.401,0.401,0.401,0.401,0,0,0,0
0.308,Berger,LTB,155,155,1.182,0.233,0.445,0.445,0.445,0.445,0.445,0,0,0,0
0.308,Berger,VLD,155,155,1.236,0.233,0.464,0.464,0.464,0.464,0.464,0,0,0,0
0.308,Berger,LTB,168,168,1.18,0.253,0.486,0.486,0.486,0.486,0.486,0,0,0,0
0.308,Berger,VLD,168,168,1.273,0.253,0.503,0.503,0.503,0.503,0.503,0,0,0,0
0.308,Berger,VLD,175,175,1.273,0.264,0.519,0.519,0.519,0.519,0.519,0,0,0,0
0.308,Berger,VLD,185,185,1.357,0.279,0.546,0.546,0.546,0.546,0.546,0,0,0,0
0.308,Berger,VLD,190,190,1.37,0.286,0.564,0.564,0.564,0.564,0.564,0,0,0,0
0.308,Berger,VLD,210,210,1.459,0.316,0.62,0.62,0.62,0.62,0.62,0,0,0,0
0.308,Brenneke,TAG,155,155,1.241,0.233,0.2,0.2,0.2,0.2,0.2,0,0,0,0
0.308,Brenneke,TOG,165,165,1.183,0.248,0.421,0.421,0.421,0.421,0.421,0,0,0,0
0.308,Brenneke,TUG,181,180.55,1.25,0.272,0.35,0.35,0.35,0.35,0.35,0,0,0,0
0.308,ColoradoBonded,SPOP,125,125,N/A,0.188,0.319,0.319,0.319,0.319,0.319,0,0,0,0
0.308,ColoradoBonded,SPSpitz,135,135,N/A,0.203,0.332,0.332,0.332,0.332,0.332,0,0,0,0
0.308,ColoradoBonded,SPSpitz,150,150,N/A,0.226,0.373,0.373,0.373,0.373,0.373,0,0,0,0
0.308,ColoradoBonded,SPSpitz,165,165,N/A,0.248,0.425,0.425,0.425,0.425,0.425,0,0,0,0
0.308,ColoradoBonded,SPSpitz,180,180,N/A,0.271,0.491,0.491,0.491,0.491,0.491,0,0,0,0
0.308,CT,BalSilTip 51150,150,150,1.18,0.226,0.435,0.435,0.435,0.435,0.435,0,0,0,0
0.308,CT,PartGold 52200,150,150,1.13,0.226,0.387,0.387,0.387,0.387,0.387,0,0,0,0
0.308,CT,FailSafe 53170,150,150,1.12,0.226,0.308,0.308,0.308,0.308,0.308,0,0,0,0
0.308,CT,FailSafe 53175,165,165,1.24,0.248,0.314,0.314,0.314,0.314,0.314,0,0,0,0
0.308,CT,BalSilTip 51160,168,168,1.253,0.253,0.49,0.49,0.49,0.49,0.49,0,0,0,0
0.308,CT,BalSilTip 51170,180,180,1.35,0.271,0.507,0.507,0.507,0.507,0.507,0,0,0,0
0.308,CT,PartGold 52230,180,180,1.28,0.271,0.474,0.474,0.474,0.474,0.474,0,0,0,0
0.308,CT,FailSafe 53180,180,180,1.31,0.271,0.391,0.391,0.391,0.391,0.391,0,0,0,0
0.308,Delsing,SPRN 30816801,168,168,1.008,0.253,0.3,0.3,0.3,0.3,0.3,0,0,0,0
0.308,Delsing,SPFN 30818501,185,185,1.091,0.279,0.303,0.307,0.323,0.323,0.323,2707,2379,0,0
0.308,Federal,SP Trophy Bond.,165,165,N/A,0.248,0.41,0.41,0.41,0.41,0.41,0,0,0,0
0.308,Federal,SP Trophy Bond.,180,180,N/A,0.271,0.315,0.315,0.315,0.315,0.315,0,0,0,0
0.308,Federal,SP Trophy Bond.,200,200,N/A,0.301,0.398,0.398,0.398,0.398,0.398,0,0,0,0
0.308,Fiocchi,FMJ 32ACP,73,73,0.43,0.11,0.058,0.058,0.058,0.058,0.058,0,0,0,0
0.308,Fiocchi,FMJ 7.65 Para,93,93,0.51,0.14,0.105,0.105,0.105,0.105,0.105,0,0,0,0
0.308,Fiocchi,SJSP 7.65 Para,93,93,0.51,0.14,0.111,0.111,0.111,0.111,0.111,0,0,0,0
0.308,Frontier,HP,150,150,1.191,0.226,0.379,0.379,0.379,0.379,0.379,0,0,0,0
0.308,Frontier,HP,168,168,1.291,0.253,0.476,0.476,0.476,0.476,0.476,0,0,0,0
0.308,Frontier,HP,200,200,1.504,0.301,0.54,0.54,0.54,0.54,0.54,0,0,0,0
0.308,GECO,TMR,170,169.75,1.102,0.256,0.305,0.305,0.305,0.305,0.305,0,0,0,0
0.308,GECO,Target,170,169.75,1.11,0.256,0.305,0.305,0.305,0.305,0.305,0,0,0,0
0.308,Gian-Marchet,Jenatsch,133,133,1.248,0.2,0.38,0.38,0.38,0.38,0.38,0,0,0,0
0.308,GPA,30/148,148,148,1.14,0.223,0.246,0.246,0.246,0.246,0.246,0,0,0,0
0.308,GPA,30/180,180,180,1.348,0.271,0.492,0.492,0.492,0.492,0.492,0,0,0,0
0.308,GPA,30S/185 Solid,185,185,1.142,0.279,0.492,0.492,0.492,0.492,0.492,0,0,0,0
0.308,GS-Custom,HV No.081,100,100,0.861,0.151,0.305,0.305,0.305,0.305,0.305,0,0,0,0
0.308,GS-Custom,HV No.080 G5-BC,130,130,1.15,0.196,0.43,0.43,0.43,0.43,0.43,0,0,0,0
0.308,GS-Custom,HP No.013,130,130,1.086,0.196,0.45,0.45,0.45,0.45,0.45,0,0,0,0
0.308,GS-Custom,HV No.059,145,145,1.071,0.218,0.23,0.23,0.23,0.23,0.23,0,0,0,0
0.308,GS-Custom,FN No.006 no BC,145,145,0.098,0.218,0.2,0.2,0.2,0.2,0.2,0,0,0,0
0.308,GS-Custom,HV No.079,150,150,1.246,0.226,0.48,0.48,0.48,0.48,0.48,0,0,0,0
0.308,GS-Custom,HP No.014,150,150,1.203,0.226,0.46,0.46,0.46,0.46,0.46,0,0,0,0
0.308,GS-Custom,HV No.078 G5-BC,160,160,1.346,0.241,0.53,0.53,0.53,0.53,0.53,0,0,0,0
0.308,GS-Custom,HP No.015,168,168,1.314,0.253,0.48,0.48,0.48,0.48,0.48,0,0,0,0
0.308,GS-Custom,HV No.074 G5-BC,173,173,1.487,0.261,0.65,0.65,0.65,0.65,0.65,0,0,0,0
0.308,GS-Custom,FN No.021 no BC,180,180,1.213,0.271,0.25,0.25,0.25,0.25,0.25,0,0,0,0
0.308,GS-Custom,FN No.119 no BC,180,180,1.133,0.271,0.23,0.23,0.23,0.23,0.23,0,0,0,0
0.308,GS-Custom,HP No.017,180,180,1.407,0.271,0.6,0.6,0.6,0.6,0.6,0,0,0,0
0.308,H&N,HP HS max.1600fps,125,125,0.753,0.188,0.245,0.245,0.245,0.245,0.245,0,0,0,0
0.308,H&N,RN HS max.1600fps,165,165,0.98,0.248,0.295,0.295,0.295,0.295,0.295,0,0,0,0
0.308,H&N,RN HS,180,180,1.044,0.271,0.33,0.33,0.33,0.33,0.33,0,0,0,0
0.308,H&N,RN HS,200,200,1.112,0.301,0.35,0.35,0.35,0.35,0.35,0,0,0,0
0.308,Hawk,RT,130,130,0.795,0.196,0.215,0.215,0.215,0.215,0.215,0,0,0,0
0.308,Hawk,RT,150,150,0.897,0.226,0.356,0.356,0.356,0.356,0.356,0,0,0,0
0.308,Hawk,RT,165,165,0.99,0.248,0.372,0.372,0.372,0.372,0.372,0,0,0,0
0.308,Hawk,RT,180,180,1.06,0.271,0.385,0.385,0.385,0.385,0.385,0,0,0,0
0.308,Hawk,RT 0.025,200,200,1.15,0.301,0.418,0.418,0.418,0.418,0.418,0,0,0,0
0.308,Hawk,RT 0.03,200,200,1.16,0.301,0.418,0.418,0.418,0.418,0.418,0,0,0,0
0.308,Hawk,RT 0.035,200,200,1.168,0.301,0.418,0.418,0.418,0.418,0.418,0,0,0,0
0.308,Hawk,RT,220,220,1.277,0.331,0.448,0.448,0.448,0.448,0.448,0,0,0,0
0.308,Hawk,RT,250,250,1.425,0.376,0.51,0.51,0.51,0.51,0.51,0,0,0,0
0.308,Hirtenberger,ABC,165,165,1.248,0.248,0.271,0.271,0.271,0.271,0.271,0,0,0,0
0.308,Hornady,RN 3100,86,86,0.5,0.13,0.105,0.105,0.105,0.105,0.105,0,0,0,0
0.308,Hornady,XTP/HP 31000,90,90,0.516,0.136,0.142,0.142,0.142,0.142,0.142,0,0,0,0
0.308,Hornady,SJ 3005,100,100,0.562,0.151,0.152,0.152,0.152,0.152,0.152,0,0,0,0
0.308,Hornady,FMJ 3017,110,110,0.668,0.166,0.178,0.178,0.178,0.178,0.178,0,0,0,0
0.308,Hornady,RN 3015,110,110,0.64,0.166,0.15,0.15,0.15,0.15,0.15,0,0,0,0
0.308,Hornady,SP 3010,110,110,0.82,0.166,0.256,0.256,0.256,0.256,0.256,0,0,0,0
0.308,Hornady,V-MAX 23010,110,110,0.92,0.166,0.295,0.295,0.295,0.295,0.295,0,0,0,0
0.308,Hornady,SP 3020,130,130,0.925,0.196,0.295,0.295,0.295,0.295,0.295,0,0,0,0
0.308,Hornady,SP SSPistol 3021,130,130,0.915,0.196,0.295,0.295,0.295,0.295,0.295,0,0,0,0
0.308,Hornady,BTSP 3033,150,150,1.044,0.226,0.349,0.349,0.349,0.349,0.349,0,0,0,0
0.308,Hornady,FMJ-BT 3037,150,150,1.082,0.226,0.398,0.398,0.398,0.398,0.398,0,0,0,0
0.308,Hornady,InterBond 30309,150,150,1.26,0.226,0.415,0.415,0.415,0.415,0.415,0,0,0,0
0.308,Hornady,RN 3035,150,150,0.905,0.226,0.186,0.186,0.186,0.186,0.186,0,0,0,0
0.308,Hornady,SP 3031,150,150,1.047,0.226,0.338,0.338,0.338,0.338,0.338,0,0,0,0
0.308,Hornady,SST InterLock 30302,150,150,1.17,0.226,0.415,0.415,0.415,0.415,0.415,0,0,0,0
0.308,Hornady,A-MAX 30312,155,155,1.183,0.233,0.435,0.435,0.435,0.435,0.435,0,0,0,0
0.308,Hornady,BTSP 3045,165,165,1.191,0.248,0.45,0.45,0.45,0.45,0.45,0,0,0,0
0.308,Hornady,InterBond 30459,165,165,1.216,0.248,0.447,0.447,0.447,0.447,0.447,0,0,0,0
0.308,Hornady,SP 3040,165,165,1.152,0.248,0.387,0.387,0.387,0.387,0.387,0,0,0,0
0.308,Hornady,SST InterLock 30452,165,165,1.125,0.248,0.447,0.447,0.447,0.447,0.447,0,0,0,0
0.308,Hornady,A-MAX 30502,168,168,1.265,0.253,0.475,0.475,0.475,0.475,0.475,0,0,0,0
0.308,Hornady,BTHP Natl M 30501,168,168,1.215,0.253,0.45,0.45,0.45,0.45,0.45,0,0,0,0
0.308,Hornady,FP 3060,170,170,1.095,0.256,0.189,0.189,0.189,0.189,0.189,0,0,0,0
0.308,Hornady,A-MAX 30712,178,178,1.24,0.268,0.495,0.495,0.495,0.495,0.495,0,0,0,0
0.308,Hornady,BTHP Match 30631,178,178,1.35,0.268,0.505,0.505,0.505,0.505,0.505,0,0,0,0
0.308,Hornady,BTSP 3072,180,180,1.25,0.271,0.452,0.452,0.452,0.452,0.452,0,0,0,0
0.308,Hornady,InterBond 30709,180,180,1.408,0.271,0.48,0.48,0.48,0.48,0.48,0,0,0,0
0.308,Hornady,RN 3075,180,180,1.168,0.271,0.241,0.241,0.241,0.241,0.241,0,0,0,0
0.308,Hornady,SP 3070,180,180,1.24,0.271,0.425,0.425,0.425,0.425,0.425,0,0,0,0
0.308,Hornady,SST InterLock 30702,180,180,1.338,0.271,0.48,0.48,0.48,0.48,0.48,0,0,0,0
0.308,Hornady,BTSP 3085,190,190,1.385,0.286,0.491,0.491,0.491,0.491,0.491,0,0,0,0
0.308,Hornady,A-MAX 30712,208,208,1.34,0.313,0.648,0.648,0.648,0.648,0.648,0,0,0,0
0.308,Hornady,RN 3090,220,220,1.283,0.331,0.3,0.3,0.3,0.3,0.3,0,0,0,0
0.308,IMI,FMJ 10-740,110,110,N/A,0.166,0.179,0.179,0.179,0.179,0.179,0,0,0,0
0.308,IMI,SP 10-742,110,110,N/A,0.166,0.178,0.178,0.178,0.178,0.178,0,0,0,0
0.308,IMI,FMJ 10-731,150,150,N/A,0.226,0.426,0.426,0.426,0.426,0.426,0,0,0,0
0.308,Impala,LWFP KS Bullet,65,65,0.564,0.098,0.12,0.12,0.12,0.12,0.12,0,0,0,0
0.308,Impala,LWHV LS Bullet,90,90,0.789,0.136,0.14,0.15,0.15,0.15,0.15,2050,0,0,0
0.308,Impala,LWHV LS Bullet,130,130,1.268,0.196,0.313,0.313,0.313,0.313,0.313,0,0,0,0
0.308,Impala,RNFP KO Bullet,170,170,1.278,0.256,0.261,0.261,0.261,0.261,0.261,0,0,0,0
0.308,JLK,VLD 30175,175,175,1.35,0.264,0.545,0.545,0.545,0.545,0.545,0,0,0,0
0.308,JLK,VLD 30190,190,190,1.35,0.286,0.602,0.602,0.602,0.602,0.602,0,0,0,0
0.308,JLK,VLD 30210,210,210,1.45,0.316,0.665,0.665,0.665,0.665,0.665,0,0,0,0
0.308,Lapua,HP L403,73,73,0.984,0.11,0.12,0.12,0.12,0.12,0.12,0,0,0,0
0.308,Lapua,HPCE G477 7224,100,100,0.912,0.151,0.17,0.17,0.17,0.17,0.17,0,0,0,0
0.308,Lapua,HP G450,105,105,0.992,0.158,0.168,0.168,0.168,0.168,0.168,0,0,0,0
0.308,Lapua,FMJ S374 7003,123,123.9,0.892,0.187,0.28,0.28,0.28,0.28,0.28,0,0,0,0
0.308,Lapua,FMJCE S495 7006,123,123.9,0.892,0.187,0.28,0.28,0.28,0.28,0.28,0,0,0,0
0.308,Lapua,MEGA E468,125,125,0.87,0.188,0.27,0.27,0.27,0.27,0.27,0,0,0,0
0.308,Lapua,HP G402,130,130,0.984,0.196,0.21,0.21,0.21,0.21,0.21,0,0,0,0
0.308,Lapua,LockBase B466 7091,150,150,1.102,0.226,0.488,0.488,0.488,0.488,0.488,0,0,0,0
0.308,Lapua,MEGA E469 7057,150,150,0.955,0.226,0.33,0.33,0.33,0.33,0.33,0,0,0,0
0.308,Lapua,Scenar GB491 7073,155,155,1.287,0.233,0.508,0.508,0.508,0.508,0.508,0,0,0,0
0.308,Lapua,Scenar GB422 7069,167,167,1.24,0.251,0.47,0.47,0.47,0.47,0.47,0,0,0,0
0.308,Lapua,FMJBT D46 7023,170,170,1.24,0.256,0.504,0.504,0.504,0.504,0.504,0,0,0,0
0.308,Lapua,FMJBT D47,170,170,1.24,0.256,0.502,0.502,0.502,0.502,0.502,0,0,0,0
0.308,Lapua,LockBase B476 7086,170,170,1.201,0.256,0.525,0.525,0.525,0.525,0.525,0,0,0,0
0.308,Lapua,Naturalis LR N518 7102,170,170,1.25,0.256,0.314,0.314,0.314,0.314,0.314,0,0,0,0
0.308,Lapua,Naturalis N505 7101,180,180,1.252,0.271,0.302,0.302,0.302,0.302,0.302,0,0,0,0
0.308,Lapua,FMJBT D46 7019,185,185,1.323,0.279,0.547,0.547,0.547,0.547,0.547,0,0,0,0
0.308,Lapua,FMJBT D47,185,185,1.323,0.279,0.547,0.547,0.547,0.547,0.547,0,0,0,0
0.308,Lapua,FOREX EX481,185,185,1.3,0.279,0.19,0.19,0.19,0.19,0.19,0,0,0,0
0.308,Lapua,MEGA E415 7213,185,185,1.126,0.279,0.319,0.319,0.319,0.319,0.319,0,0,0,0
0.308,Lapua,Mira EB423,185,185,1.23,0.279,0.458,0.458,0.458,0.458,0.458,0,0,0,0
0.308,Lapua,Scenar GB432 7071,185,185,1.315,0.279,0.521,0.521,0.521,0.521,0.521,0,0,0,0
0.308,Lapua,FMJ D166 7005,200,200,1.42,0.301,0.301,0.301,0.301,0.301,0.301,0,0,0,0
0.308,Lapua,FMJ Subsonic B416 7060,200,200,1.42,0.301,0.382,0.382,0.382,0.382,0.382,0,0,0,0
0.308,Lapua,MEGA E401 7047,200,200,1.213,0.301,0.344,0.344,0.344,0.344,0.344,0,0,0,0
0.308,Lapua,Naturalis N513 7103,201,201,1.319,0.303,0.336,0.336,0.336,0.336,0.336,0,0,0,0
0.308,LIMA,FMJ BT LockedBase,150,150,1.144,0.226,0.488,0.488,0.488,0.488,0.488,0,0,0,0
0.308,LIMA,FMJ BT,168,168,1.201,0.253,0.501,0.501,0.501,0.501,0.501,0,0,0,0
0.308,LIMA,FMJ BT LockedBase,170,170,1.209,0.256,0.504,0.504,0.504,0.504,0.504,0,0,0,0
0.308,LIMA,FMJ BT,200,200,1.333,0.301,0.584,0.584,0.584,0.584,0.584,0,0,0,0
0.308,LostRiver,J36,140,140,1.275,0.211,0.565,0.565,0.565,0.565,0.565,0,0,0,0
0.308,LostRiver,J36,165,165,1.423,0.248,0.636,0.636,0.636,0.636,0.636,0,0,0,0
0.308,LostRiver,J36,180,180,1.525,0.271,0.672,0.672,0.672,0.672,0.672,0,0,0,0
0.308,LYM,LSp GC 311359,115,118,0.72,0.178,0.181,0.182,0.182,0.182,0.182,2000,1600,0,0
0.308,LYM,LFN GC 311441,117,120,0.7,0.181,0.143,0.152,0.163,0.163,0.163,2200,1600,0,0
0.308,LYM,LRN GC 311576,120,123,0.72,0.185,0.172,0.196,0.22,0.22,0.22,1800,1400,0,0
0.308,LYM,LRN LOV GC 311465,122,125,0.73,0.188,0.163,0.171,0.195,0.195,0.195,2200,1600,0,0
0.308,LYM,LRN 311410,130,130,0.86,0.196,0.239,0.25,0.265,0.265,0.265,1600,1200,0,0
0.308,LYM,LBN GC 311440,147,150,0.82,0.226,0.134,0.151,0.171,0.171,0.171,2200,1600,0,0
0.308,LYM,LRN LOV GC 311466,152,155,0.92,0.233,0.25,0.25,0.26,0.26,0.26,2000,1600,0,0
0.308,LYM,LRN GC 311291,170,173,0.95,0.261,0.202,0.231,0.25,0.25,0.25,2200,1600,0,0
0.308,LYM,LFN GC 31141,173,176,0.94,0.265,0.22,0.25,0.28,0.28,0.28,2200,1600,0,0
0.308,LYM,LSp LOV GC 311467,177,180,1.09,0.271,0.32,0.305,0.3,0.3,0.3,2200,1600,0,0
0.308,LYM,LFN GC 311407,180,183,1.02,0.276,0.27,0.3,0.325,0.325,0.325,1800,1400,0,0
0.308,LYM,LSp GC 311334,190,193,1.14,0.291,0.34,0.312,0.275,0.275,0.275,1800,1400,0,0
0.308,LYM,LRN GC 311299,202,205,1.15,0.309,0.377,0.358,0.39,0.39,0.39,1800,1400,0,0
0.308,LYM,LRN GC 311290,210,213,1.19,0.321,0.305,0.3,0.275,0.275,0.275,1800,1400,0,0
0.308,LYM,LRN GC 311284,214,217,1.2,0.327,0.332,0.331,0.335,0.335,0.335,1800,1400,0,0
0.308,MEN,FMJ BT Mdly,146,146,N/A,0.22,0.34,0.34,0.34,0.34,0.34,0,0,0,0
0.308,MEN,SPBT,150,150,N/A,0.226,0.391,0.391,0.391,0.391,0.391,0,0,0,0
0.308,MEN,SFS,154,154,N/A,0.232,0.235,0.235,0.235,0.235,0.235,0,0,0,0
0.308,MEN,SF,154,154,N/A,0.232,0.251,0.251,0.251,0.251,0.251,0,0,0,0
0.308,MEN,SFS,154,154.3,1.193,0.232,0,0,0,0,0,0,0,0,0
0.308,MEN,HPBT Match,168,168,N/A,0.253,0.491,0.491,0.491,0.491,0.491,0,0,0,0
0.308,MEN,SPRN,180,180,N/A,0.271,0.26,0.26,0.26,0.26,0.26,0,0,0,0
0.308,MEN,HPBT Match,190,190,N/A,0.286,0.576,0.576,0.576,0.576,0.576,0,0,0,0
0.308,Norma,FMJ RRN 67610,110,110,0.508,0.166,0.2,0.2,0.2,0.2,0.2,0,0,0,0
0.308,Norma,SPRN 67621,110,110,0.62,0.166,0.204,0.204,0.204,0.204,0.204,0,0,0,0
0.308,Norma,SP 67623,130,130,0.866,0.196,0.3,0.3,0.3,0.3,0.3,0,0,0,0
0.308,Norma,FMJ Spitz 67651,146,146,1.11,0.22,0.44,0.44,0.44,0.44,0.44,0,0,0,0
0.308,Norma,SPFN 67630,150,150,0.885,0.226,0.25,0.25,0.25,0.25,0.25,0,0,0,0
0.308,Norma,SemiSP 67624,150,150,1.003,0.226,0.28,0.28,0.28,0.28,0.28,0,0,0,0
0.308,Norma,Diamond 67635,168,168,1.212,0.253,0.46,0.46,0.46,0.46,0.46,0,0,0,0
0.308,Norma,SPFN 67631,170,170,0.975,0.256,0.265,0.265,0.265,0.265,0.265,0,0,0,0
0.308,Norma,PlastSpitz 67628,180,180,1.192,0.271,0.36,0.36,0.36,0.36,0.36,0,0,0,0
0.308,Norma,SP ALASKA 67648,180,180,1.063,0.271,0.25,0.25,0.25,0.25,0.25,0,0,0,0
0.308,Norma,SemiSP 67625,180,180,1.19,0.271,0.4,0.4,0.4,0.4,0.4,0,0,0,0
0.308,Norma,VULKAN 67653,180,180,1.142,0.271,0.31,0.31,0.31,0.31,0.31,0,0,0,0
0.308,Norma,ORYX 67638,180,180,1.193,0.271,0.335,0.335,0.335,0.335,0.335,0,0,0,0
0.308,Norma,Silverbl 67628,180,180,1.18,0.271,0.4,0.4,0.4,0.4,0.4,0,0,0,0
0.308,Norma,ORYX 67639,200,200,1.252,0.301,0.34,0.34,0.34,0.34,0.34,0,0,0,0
0.308,Norma,VULKAN 67654,200,200,1.252,0.301,0.33,0.33,0.33,0.33,0.33,0,0,0,0
0.308,NorthFork,BondedCore,150,150,1.12,0.226,0.288,0.288,0.288,0.288,0.288,0,0,0,0
0.308,NorthFork,BondedCore,165,165,1.216,0.248,0.367,0.367,0.367,0.367,0.367,0,0,0,0
0.308,NorthFork,BondedCore,180,180,1.305,0.271,0.4,0.4,0.4,0.4,0.4,0,0,0,0
0.308,NorthFork,BondedCore,200,200,1.403,0.301,0.444,0.444,0.444,0.444,0.444,0,0,0,0
0.308,Nosler,BalTip 30125,125,125,1.06,0.188,0.366,0.366,0.366,0.366,0.366,0,0,0,0
0.308,Nosler,AccuBond 56719,150,150,1.23,0.226,0.435,0.435,0.435,0.435,0.435,0,0,0,0
0.308,Nosler,BalTip 30150,150,150,1.28,0.226,0.435,0.435,0.435,0.435,0.435,0,0,0,0
0.308,Nosler,BalSilTip 51150,150,150,1.28,0.226,0.435,0.435,0.435,0.435,0.435,0,0,0,0
0.308,Nosler,E-Tip 59378,150,150,1.39,0.226,0.469,0.469,0.469,0.469,0.469,0,0,0,0
0.308,Nosler,CT FailSafe 53170,150,150,1.12,0.226,0.31,0.31,0.31,0.31,0.31,0,0,0,0
0.308,Nosler,PartGold 52200,150,150,1.1,0.226,0.387,0.387,0.387,0.387,0.387,0,0,0,0
0.308,Nosler,HP Match SB 28471,150,150,1.181,0.226,0.381,0.381,0.381,0.381,0.381,0,0,0,0
0.308,Nosler,PART SP 16329,150,150,1.1,0.226,0.387,0.387,0.387,0.387,0.387,0,0,0,0
0.308,Nosler,SP SolBase 81165,150,150,1.12,0.226,0.393,0.393,0.393,0.393,0.393,0,0,0,0
0.308,Nosler,HPBT J4 53155,155,155,1.145,0.233,0.45,0.45,0.45,0.45,0.45,0,0,0,0
0.308,Nosler,BalTip 30165,165,165,1.29,0.248,0.475,0.475,0.475,0.475,0.475,0,0,0,0
0.308,Nosler,Accubond 55602,165,165,1.308,0.248,0.475,0.475,0.475,0.475,0.475,0,0,0,0
0.308,Nosler,SP SolBase 38565,165,165,1.24,0.248,0.428,0.428,0.428,0.428,0.428,0,0,0,0
0.308,Nosler,CT FailSafe 53175,165,165,1.24,0.248,0.314,0.314,0.314,0.314,0.314,0,0,0,0
0.308,Nosler,PART SP 16330,165,165,1.175,0.248,0.41,0.41,0.41,0.41,0.41,0,0,0,0
0.308,Nosler,BalSilTip 51160,168,168,1.253,0.253,0.49,0.49,0.49,0.49,0.49,0,0,0,0
0.308,Nosler,HPBT J4 53164,168,168,1.175,0.253,0.462,0.462,0.462,0.462,0.462,0,0,0,0
0.308,Nosler,PART RN 16333,170,170,1.03,0.256,0.252,0.252,0.252,0.252,0.252,0,0,0,0
0.308,Nosler,AccuBond 54825,180,180,1.38,0.271,0.507,0.507,0.507,0.507,0.507,0,0,0,0
0.308,Nosler,BalTip 30180,180,180,1.36,0.271,0.507,0.507,0.507,0.507,0.507,0,0,0,0
0.308,Nosler,SP SolBase 34559,180,180,1.31,0.271,0.491,0.491,0.491,0.491,0.491,0,0,0,0
0.308,Nosler,BalSilTip 51170,180,180,1.36,0.271,0.507,0.507,0.507,0.507,0.507,0,0,0,0
0.308,Nosler,E-Tip 59180,180,180,1.472,0.271,0.523,0.523,0.523,0.523,0.523,0,0,0,0
0.308,Nosler,CT FailSafe 53180,180,180,1.31,0.271,0.391,0.391,0.391,0.391,0.391,0,0,0,0
0.308,Nosler,PartGold 52230,180,180,1.26,0.271,0.474,0.474,0.474,0.474,0.474,0,0,0,0
0.308,Nosler,PART PP 25396,180,180,1.18,0.271,0.361,0.361,0.361,0.361,0.361,0,0,0,0
0.308,Nosler,PART SP 16331,180,180,1.26,0.271,0.474,0.474,0.474,0.474,0.474,0,0,0,0
0.308,Nosler,BalTip 39583,180,180,1.344,0.271,0.507,0.507,0.507,0.507,0.507,0,0,0,0
0.308,Nosler,AccuBond 54618,200,200,1.49,0.301,0.588,0.588,0.588,0.588,0.588,0,0,0,0
0.308,Nosler,PART SP 35626,200,200,1.35,0.301,0.481,0.481,0.481,0.481,0.481,0,0,0,0
0.308,Nosler,PART SPSemi 16332,220,220,1.37,0.331,0.351,0.351,0.351,0.351,0.351,0,0,0,0
0.308,PMC,FMJ,110,110,N/A,0.166,0.137,0.137,0.137,0.137,0.137,0,0,0,0
0.308,PMC,FMJ,123,123,N/A,0.185,0.255,0.255,0.255,0.255,0.255,0,0,0,0
0.308,PMC,PSP,125,125,N/A,0.188,0.265,0.265,0.265,0.265,0.265,0,0,0,0
0.308,PMC,FMJ-BT,147,147,N/A,0.221,0.394,0.394,0.394,0.394,0.394,0,0,0,0
0.308,PMC,FMJ,150,150,N/A,0.226,0.394,0.394,0.394,0.394,0.394,0,0,0,0
0.308,PMC,PSP,150,150,N/A,0.226,0.324,0.324,0.324,0.324,0.324,0,0,0,0
0.308,PMC,SPBT,150,150,N/A,0.226,0.373,0.373,0.373,0.373,0.373,0,0,0,0
0.308,PMC,X-B,150,150,N/A,0.226,0.373,0.373,0.373,0.373,0.373,0,0,0,0
0.308,PMC,SFHP,150,150,N/A,0.226,0.216,0.216,0.216,0.216,0.216,0,0,0,0
0.308,PMC,FNSP,150,150,N/A,0.226,0.176,0.176,0.176,0.176,0.176,0,0,0,0
0.308,PMC,X-B,165,165,N/A,0.248,0.442,0.442,0.442,0.442,0.442,0,0,0,0
0.308,PMC,FNSP,170,170,N/A,0.256,0.196,0.196,0.196,0.196,0.196,0,0,0,0
0.308,PMC,PSP,180,180,N/A,0.271,0.394,0.394,0.394,0.394,0.394,0,0,0,0
0.308,PMC,SPBT,180,180,N/A,0.271,0.491,0.491,0.491,0.491,0.491,0,0,0,0
0.308,PMC,X-B,180,180,N/A,0.271,0.501,0.501,0.501,0.501,0.501,0,0,0,0
0.308,PMP,FMJ BT,143,143,1.15,0.215,0.456,0.456,0.456,0.456,0.456,0,0,0,0
0.308,PMP,SP,150,150,1.022,0.226,0.349,0.349,0.349,0.349,0.349,0,0,0,0
0.308,PMP,HPBT,155,155,1.161,0.233,0.441,0.441,0.441,0.441,0.441,0,0,0,0
0.308,PMP,SP,168,168,1.122,0.253,0.382,0.382,0.382,0.382,0.382,0,0,0,0
0.308,PMP,HPBT,168,168,1.179,0.253,0.457,0.457,0.457,0.457,0.457,0,0,0,0
0.308,PMP,SP ProAmm,180,180,1.177,0.271,0.341,0.341,0.341,0.341,0.341,0,0,0,0
0.308,PMP,SP,220,220,1.344,0.331,0.421,0.421,0.421,0.421,0.421,0,0,0,0
0.308,Powell,BT TungstAll,250,250,1.58,0.376,0.84,0.84,0.84,0.84,0.84,0,0,0,0
0.308,PowellRiverLabs,BT TungstenAlloy,250,250,1.5,0.376,0.84,0.84,0.84,0.84,0.84,0,0,0,0
0.308,PrviPartizan,FMJ B-460,123,123,0.929,0.185,0.29,0.29,0.29,0.29,0.29,0,0,0,0
0.308,PrviPartizan,FMJ B-007,139,139,1.082,0.209,0.36,0.36,0.36,0.36,0.36,0,0,0,0
0.308,PrviPartizan,FMJ BT B-009,145,145,1.125,0.218,0.4,0.4,0.4,0.4,0.4,0,0,0,0
0.308,PrviPartizan,FSP B-200,170,170,1.066,0.256,0.25,0.25,0.25,0.25,0.25,0,0,0,0
0.308,PrviPartizan,FMJ BT B-345,174,174,1.318,0.262,0.5,0.5,0.5,0.5,0.5,0,0,0,0
0.308,PrviPartizan,SP B-428,174,174,1.2,0.262,0.36,0.36,0.36,0.36,0.36,0,0,0,0
0.308,PrviPartizan,FMJ BT B-366,175,175,1.283,0.264,0.485,0.485,0.485,0.485,0.485,0,0,0,0
0.308,RCBS,SP GC 30-115-SP,115,115,0.72,0.173,0.175,0.175,0.175,0.175,0.175,0,0,0,0
0.308,RCBS,SPSpitz GC 7.62-130-SPL,125,125,0.93,0.188,0.3,0.3,0.3,0.3,0.3,0,0,0,0
0.308,RCBS,FN GC 30-150-FN,148,148,0.82,0.223,0.22,0.22,0.22,0.22,0.22,0,0,0,0
0.308,RCBS,SP GC 308-165-SIL,165,165,0.99,0.248,0.29,0.29,0.29,0.29,0.29,0,0,0,0
0.308,RCBS,SP GC 30-180-SP,177,177,1.07,0.267,0.29,0.29,0.29,0.29,0.29,0,0,0,0
0.308,RCBS,FN GC 30-180-FN,180,180,1,0.271,0.255,0.255,0.255,0.255,0.255,0,0,0,0
0.308,Reichenberg,HDB Universal,120,120,0.829,0.181,0.112,0.112,0.112,0.112,0.112,0,0,0,0
0.308,Reichenberg,HDB Universal,123,123,0.964,0.185,0.193,0.193,0.193,0.193,0.193,0,0,0,0
0.308,Reichenberg,Spezial Jagd,146,146,1,0.22,0.18,0.18,0.18,0.18,0.18,0,0,0,0
0.308,Reichenberg,HDB Universal,150,150,1.142,0.226,0.25,0.25,0.25,0.25,0.25,0,0,0,0
0.308,Reichenberg,HDB Subsonic,154,154,1.03,0.232,0.145,0.145,0.145,0.145,0.145,0,0,0,0
0.308,Reichenberg,HDB Universal,160,160,1.102,0.241,0.15,0.15,0.15,0.15,0.15,0,0,0,0
0.308,Reichenberg,Spezial Jagd,165,165,1.133,0.248,0.145,0.145,0.145,0.145,0.145,0,0,0,0
0.308,Reichenberg,HDB Universal,168,168,1.268,0.253,0.272,0.272,0.272,0.272,0.272,0,0,0,0
0.308,Reichenberg,HDB KUHS,168,168,1.26,0.253,0.255,0.255,0.255,0.255,0.255,0,0,0,0
0.308,Reichenberg,Spezial Solid,168,168,1.23,0.253,0.288,0.288,0.288,0.288,0.288,0,0,0,0
0.308,Reichenberg,HDB Universal,185,185,1.378,0.279,0.3,0.3,0.3,0.3,0.3,0,0,0,0
0.308,Reichenberg,Mag Dr,190,190,1.294,0.286,0.253,0.253,0.253,0.253,0.253,0,0,0,0
0.308,Reichenberg,Subsonic,200,200,1.33,0.301,0.2,0.2,0.2,0.2,0.2,0,0,0,0
0.308,Remington,SP ACCELL SABOT,55,55,N/A,0.083,0.139,0.139,0.139,0.139,0.139,0,0,0,0
0.308,Remington,PSP ACCELL SABOT,55,55,N/A,0.083,0.197,0.197,0.197,0.197,0.197,0,0,0,0
0.308,Remington,SP RN,110,110,0.654,0.166,0.166,0.166,0.166,0.166,0.166,0,0,0,0
0.308,Remington,PSP,125,125,N/A,0.188,0.268,0.268,0.268,0.268,0.268,0,0,0,0
0.308,Remington,BronzePoint,150,150,N/A,0.226,0.365,0.365,0.365,0.365,0.365,0,0,0,0
0.308,Remington,SP CoreLokt,150,150,N/A,0.226,0.193,0.193,0.193,0.193,0.193,0,0,0,0
0.308,Remington,PSP CoreLokt,150,150,N/A,0.226,0.314,0.314,0.314,0.314,0.314,0,0,0,0
0.308,Remington,SP Ext.Range,152,152,N/A,0.229,0.362,0.362,0.362,0.362,0.362,0,0,0,0
0.308,Remington,PSP CoreLokt,165,165,N/A,0.248,0.339,0.339,0.339,0.339,0.339,0,0,0,0
0.308,Remington,SP Ext.Range BT,165,165,N/A,0.248,0.44,0.44,0.44,0.44,0.44,0,0,0,0
0.308,Remington,SP CoreLokt,170,170,N/A,0.256,0.254,0.254,0.254,0.254,0.254,0,0,0,0
0.308,Remington,HP CoreLokt,170,170,N/A,0.256,0.254,0.254,0.254,0.254,0.254,0,0,0,0
0.308,Remington,SP Ext.Range,178,178,N/A,0.268,0.448,0.448,0.448,0.448,0.448,0,0,0,0
0.308,Remington,PSP CoreLokt,180,180,N/A,0.271,0.383,0.383,0.383,0.383,0.383,0,0,0,0
0.308,Remington,SP CoreLokt,180,180,N/A,0.271,0.248,0.248,0.248,0.248,0.248,0,0,0,0
0.308,Remington,Bronze Point,180,180,N/A,0.271,0.412,0.412,0.412,0.412,0.412,0,0,0,0
0.308,Remington,SP Ext.Range BT,190,190,N/A,0.286,0.48,0.48,0.48,0.48,0.48,0,0,0,0
0.308,Remington,SP CoreLokt,220,220,N/A,0.331,0.294,0.294,0.294,0.294,0.294,0,0,0,0
0.308,RUAG,SM-Solid FNBT,164,164,1.22,0.247,0.328,0.328,0.328,0.328,0.328,0,0,0,0
0.308,RUAG,SM-HPBT Styx,167,167,1.125,0.251,0.363,0.363,0.363,0.363,0.363,0,0,0,0
0.308,RUAG,SM-Ball FMJ,167,176,1.311,0.265,0.518,0.518,0.518,0.518,0.518,0,0,0,0
0.308,RUAG,SM-AP-FMJHC,196,196,1.386,0.295,0.625,0.625,0.625,0.625,0.625,0,0,0,0
0.308,RUAG,SM-HPBT Styx,198,198,1.307,0.298,0.411,0.411,0.411,0.411,0.411,0,0,0,0
0.308,RWS,TMR,110,109.57,0.68,0.165,0.166,0.166,0.166,0.166,0.166,0,0,0,0
0.308,RWS,SG,147,146.6,1.02,0.221,0.27,0.27,0.27,0.27,0.27,0,0,0,0
0.308,RWS,ID Classic,150,149.69,1.02,0.225,0.303,0.303,0.303,0.303,0.303,0,0,0,0
0.308,RWS,KS,150,149.69,0.985,0.225,0.298,0.298,0.298,0.298,0.298,0,0,0,0
0.308,RWS,Bionic B/Y,154,154,1.362,0.232,0.239,0.239,0.239,0.239,0.239,0,0,0,0
0.308,RWS,DK,165,165.12,1.11,0.249,0.293,0.293,0.293,0.293,0.293,0,0,0,0
0.308,RWS,KS,165,165.12,1.102,0.249,0.329,0.329,0.329,0.329,0.329,0,0,0,0
0.308,RWS,HMK 451508,180,180,1.232,0.271,0.355,0.355,0.355,0.355,0.355,0,0,0,0
0.308,RWS,HMK,181,180.55,1.22,0.272,0.356,0.356,0.356,0.356,0.356,0,0,0,0
0.308,RWS,UNI Classic,181,180.55,1.25,0.272,0.35,0.35,0.35,0.35,0.35,0,0,0,0
0.308,RWS,Evolution,184,184,1.295,0.277,0.366,0.366,0.366,0.366,0.366,0,0,0,0
0.308,RWS,Match S,190,189.8,1.22,0.286,0.55,0.55,0.55,0.55,0.55,0,0,0,0
0.308,RWS,KS,201,200.61,1.26,0.302,0.356,0.356,0.356,0.356,0.356,0,0,0,0
0.308,Sako,FMJ 110A,93,93,0.575,0.14,0.15,0.15,0.15,0.15,0.15,0,0,0,0
0.308,Sako,HP SuperRange 146A,102,102,0.913,0.154,0.236,0.236,0.236,0.236,0.236,0,0,0,0
0.308,Sako,HPBT 147A CH,102,102,0.885,0.154,0.24,0.24,0.24,0.24,0.24,0,0,0,0
0.308,Sako,HP 136A,110,110,0.811,0.166,0.199,0.199,0.199,0.199,0.199,0,0,0,0
0.308,Sako,FMJ 120A,123,123,0.913,0.185,0.33,0.33,0.33,0.33,0.33,0,0,0,0
0.308,Sako,FMJ 143A,123,123,0.913,0.185,0.33,0.33,0.33,0.33,0.33,0,0,0,0
0.308,Sako,FMJ 145A CH,123,123,0.91,0.185,0.314,0.314,0.314,0.314,0.314,0,0,0,0
0.308,Sako,PSP 129A,123,123,0.898,0.185,0.32,0.32,0.32,0.32,0.32,0,0,0,0
0.308,Sako,SPFP 144A,150,150,N/A,0.226,0.248,0.248,0.248,0.248,0.248,0,0,0,0
0.308,Sako,SP 30-30 122A,156,156,N/A,0.235,0.375,0.375,0.375,0.375,0.375,0,0,0,0
0.308,Sako,SPRN Sup.HammHd 225,156,159,1.11,0.239,0.414,0.414,0.414,0.414,0.414,0,0,0,0
0.308,Sako,HPBT M 141A,168,168,N/A,0.253,0.484,0.484,0.484,0.484,0.484,0,0,0,0
0.308,Sako,HammerHd. 226A,180,180,1.154,0.271,0.387,0.387,0.387,0.387,0.387,0,0,0,0
0.308,Sako,HammerHd. 256A,180,180,1.12,0.271,0.387,0.387,0.387,0.387,0.387,0,0,0,0
0.308,Sako,SuperHammerHd 236A,180,180,1.205,0.271,0.421,0.421,0.421,0.421,0.421,0,0,0,0
0.308,Sako,HPBT M 142A,190,190,N/A,0.286,0.557,0.557,0.557,0.557,0.557,0,0,0,0
0.308,Sako,HammerHd 227A,200,200,1.26,0.301,0.356,0.356,0.356,0.356,0.356,0,0,0,0
0.308,Sako,HammerHd 228A,220,220,1.346,0.331,0.408,0.408,0.408,0.408,0.408,0,0,0,0
0.308,Sellier-Bellot,FMJ 2960,110,110,0.657,0.166,0.145,0.145,0.145,0.145,0.145,0,0,0,0
0.308,Sellier-Bellot,FMJ-BT 2908,147,147,1.13,0.221,0.402,0.402,0.402,0.402,0.402,0,0,0,0
0.308,Sellier-Bellot,SP 2934,150,150,0.912,0.226,0.199,0.199,0.199,0.199,0.199,0,0,0,0
0.308,Sellier-Bellot,SPCE 2936,150,150,1.055,0.226,0.318,0.318,0.318,0.318,0.318,0,0,0,0
0.308,Sellier-Bellot,HPBT 2200,168,168,1.26,0.253,0.487,0.487,0.487,0.487,0.487,0,0,0,0
0.308,Sellier-Bellot,FMJ-BT 2957,180,180,1.307,0.271,0.498,0.498,0.498,0.498,0.498,0,0,0,0
0.308,Sellier-Bellot,HPC 2983,180,180,1.378,0.271,0.621,0.621,0.621,0.621,0.621,0,0,0,0
0.308,Sellier-Bellot,SPCE 2935,180,180,1.208,0.271,0.298,0.298,0.298,0.298,0.298,0,0,0,0
0.308,Sellier-Bellot,SPRN 2937,180,180,1.146,0.271,0.327,0.327,0.327,0.327,0.327,0,0,0,0
0.308,Sierra,FMJ RN 8005,85,85,0.535,0.128,0.1,0.104,0.111,0.114,0.114,3100,2550,2000,0
0.308,Sierra,FMJ RN 2105,110,110,0.663,0.166,0.142,0.151,0.167,0.177,0.177,2800,2000,1350,0
0.308,Sierra,HP 2110,110,110,0.795,0.166,0.174,0.185,0.2,0.211,0.211,2800,2000,1350,0
0.308,Sierra,SPRN 2100,110,110,0.65,0.166,0.142,0.151,0.167,0.177,0.177,2800,2000,1350,0
0.308,Sierra,SP 2120,125,125,0.882,0.188,0.274,0.272,0.259,0.259,0.259,2800,2000,0,0
0.308,Sierra,HPFN 30-30 2020,125,125,0.725,0.188,0.117,0.15,0.183,0.177,0.177,2400,1800,0,0
0.308,Sierra,SP 2120,125,125,0.89,0.188,0.274,0.272,0.259,0.177,0.177,2800,2000,0,0
0.308,Sierra,SP SSPistol 7350,135,135,0.967,0.203,0.299,0.289,0.277,0.251,0.251,2800,2250,1500,0
0.308,Sierra,HPBT MatchK 2123,135,135,1.033,0.203,0.39,0.37,0.345,0.3,0.3,3250,1900,1500,0
0.308,Sierra,FMJ BT 2115,150,150,1.11,0.226,0.401,0.39,0.38,0.38,0.38,2800,1800,0,0
0.308,Sierra,HPBT MatchK 2190,150,150,1.11,0.226,0.41,0.39,0.349,0.349,0.349,2800,1800,0,0
0.308,Sierra,SP 2130,150,150,1.065,0.226,0.33,0.34,0.354,0.354,0.354,2600,1800,0,0
0.308,Sierra,SPBT 2125,150,150,1.096,0.226,0.373,0.362,0.354,0.354,0.354,2600,1800,0,0
0.308,Sierra,SPFN 30-30 2000,150,150,0.884,0.226,0.182,0.22,0.26,0.26,0.26,2400,1800,0,0
0.308,Sierra,SPRN 2135,150,150,0.895,0.226,0.197,0.223,0.265,0.265,0.265,2700,1700,0,0
0.308,Sierra,HPBT Palma MK 2155,155,155,1.13,0.233,0.442,0.435,0.41,0.41,0.41,2600,1800,0,0
0.308,Sierra,HPBT 2140,165,165,1.17,0.248,0.357,0.349,0.357,0.357,0.357,2600,1800,0,0
0.308,Sierra,SPBT 2145,165,165,1.186,0.248,0.397,0.402,0.412,0.251,0.251,2400,1600,0,0
0.308,Sierra,HPBT MK 2200,168,168,1.209,0.253,0.454,0.439,0.417,0.398,0.398,2600,2100,1600,0
0.308,Sierra,HPBT MatchK 2200,168,168,1.215,0.253,0.454,0.439,0.417,0.398,0.398,2600,2100,1600,0
0.308,Sierra,SPFN 30-30 2010,170,170,0.996,0.256,0.201,0.244,0.288,0.288,0.288,2400,1800,0,0
0.308,Sierra,HPBT MatchK 2275,175,175,1.266,0.264,0.496,0.487,0.477,0.477,0.477,2800,1800,0,0
0.308,Sierra,HP MatchK 2220,180,180,1.28,0.271,0.467,0.487,0.485,0.485,0.485,2800,2200,0,0
0.308,Sierra,SP 2150,180,180,1.226,0.271,0.4,0.408,0.407,0.407,0.407,2600,1600,0,0
0.308,Sierra,SPBT 2160,180,180,1.288,0.271,0.492,0.497,0.496,0.496,0.496,2700,1700,0,0
0.308,Sierra,SPRN 2170,180,180,1.092,0.271,0.236,0.275,0.324,0.349,0.349,2800,2200,1500,0
0.308,Sierra,HP MatchK 2210,190,190,1.365,0.286,0.524,0.516,0.506,0.506,0.506,2100,1600,0,0
0.308,Sierra,HP MatchK 2230,200,200,1.391,0.301,0.555,0.55,0.506,0.506,0.506,2100,1600,0,0
0.308,Sierra,SPBT 2165,200,200,1.4,0.301,0.55,0.542,0.545,0.55,0.55,2600,2300,1900,0
0.308,Sierra,HP MatchK 9240,210,210,1.482,0.316,0.589,0.589,0.589,0.589,0.589,0,0,0,0
0.308,Sierra,SPRN 2180,220,220,1.293,0.331,0.305,0.329,0.371,0.403,0.403,2600,2200,1600,0
0.308,Sierra,HP MatchK 2240,220,220,1.483,0.331,0.618,0.613,0.597,0.597,0.597,2100,1700,0,0
0.308,Sierra,SPRN 2180,220,220,1.292,0.331,0.305,0.329,0.371,0.403,0.403,2600,2200,1600,0
0.308,Sierra,MK,240,240,1.6,0.361,0.699,0.69,0.673,0.673,0.673,2150,1800,0,0
0.308,Sierra,HPBT LR MatchK 9245,240,240,1.59,0.361,0.699,0.69,0.673,0.673,0.673,2150,1800,0,0
0.308,Sinterfire,SFR308 NTP,110,110,1.101,0.166,0.2,0.2,0.2,0.2,0.2,0,0,0,0
0.308,Sinterfire,SF308 RP,125,125,1.11,0.188,0.22,0.22,0.22,0.22,0.22,0,0,0,0
0.308,Sinterfire,SF308 NTP,125,125,1.11,0.188,0.22,0.22,0.22,0.22,0.22,0,0,0,0
0.308,Speer,RN PLI 1805,100,100,0.602,0.151,0.144,0.144,0.144,0.144,0.144,0,0,0,0
0.308,Speer,SpirePoint 1855,110,110,0.804,0.166,0.268,0.268,0.268,0.268,0.268,0,0,0,0
0.308,Speer,HP 1835,110,110,0.614,0.166,0.128,0.128,0.128,0.128,0.128,0,0,0,0
0.308,Speer,RN 1845,110,110,0.645,0.166,0.136,0.136,0.136,0.136,0.136,0,0,0,0
0.308,Speer,FMJ 1846,110,110,0.676,0.166,0.179,0.179,0.179,0.179,0.179,0,0,0,0
0.308,Speer,SSP 1855,110,110,0.81,0.166,0.245,0.245,0.245,0.245,0.245,0,0,0,0
0.308,Speer,HP TNT 1986,125,125,0.92,0.188,0.341,0.341,0.341,0.341,0.341,0,0,0,0
0.308,Speer,FP 2007,130,130,0.81,0.196,0.213,0.213,0.213,0.213,0.213,0,0,0,0
0.308,Speer,HP 2005,130,130,0.86,0.196,0.244,0.244,0.244,0.244,0.244,0,0,0,0
0.308,Speer,SP 2023,150,150,0.96,0.226,0.382,0.382,0.382,0.382,0.382,0,0,0,0
0.308,Speer,RN 2017,150,150,0.895,0.226,0.235,0.235,0.235,0.235,0.235,0,0,0,0
0.308,Speer,FN 2011,150,150,0.916,0.226,0.255,0.255,0.255,0.255,0.255,0,0,0,0
0.308,Speer,MAGTIP 2025,150,150,0.965,0.226,0.278,0.278,0.278,0.278,0.278,0,0,0,0
0.308,Speer,GRSLAM 2026,150,150,1.02,0.226,0.295,0.295,0.295,0.295,0.295,0,0,0,0
0.308,Speer,SP 2023,150,150,1.03,0.226,0.377,0.377,0.377,0.377,0.377,0,0,0,0
0.308,Speer,TBBC 1759,150,150,1.1,0.226,0.335,0.335,0.335,0.335,0.335,0,0,0,0
0.308,Speer,BTSP 2022,150,150,1.1,0.226,0.417,0.417,0.417,0.417,0.417,0,0,0,0
0.308,Speer,BT FMJ 2018,150,150,1.17,0.226,0.425,0.425,0.425,0.425,0.425,0,0,0,0
0.308,Speer,RN 2029,165,165,0.98,0.248,0.269,0.269,0.269,0.269,0.269,0,0,0,0
0.308,Speer,GRSLAM 2038,165,165,1.08,0.248,0.354,0.354,0.354,0.354,0.354,0,0,0,0
0.308,Speer,SP 2035,165,165,1.14,0.248,0.444,0.444,0.444,0.444,0.444,0,0,0,0
0.308,Speer,TBBC 1760,165,165,1.21,0.248,0.342,0.342,0.342,0.342,0.342,0,0,0,0
0.308,Speer,BTSP 2034,165,165,1.215,0.248,0.52,0.52,0.52,0.52,0.52,0,0,0,0
0.308,Speer,BTHP M 2040,168,168,1.222,0.253,0.534,0.534,0.534,0.534,0.534,0,0,0,0
0.308,Speer,MHP BTHP M 2039,168,168,1.222,0.253,0.5,0.5,0.5,0.5,0.5,0,0,0,0
0.308,Speer,FN 2041,170,170,1.14,0.256,0.298,0.298,0.298,0.298,0.298,0,0,0,0
0.308,Speer,RN 2047,180,180,1.1,0.271,0.312,0.312,0.312,0.312,0.312,0,0,0,0
0.308,Speer,MAGTIP 2059,180,180,1.16,0.271,0.349,0.349,0.349,0.349,0.349,0,0,0,0
0.308,Speer,GRSLAM 2063,180,180,1.16,0.271,0.374,0.374,0.374,0.374,0.374,0,0,0,0
0.308,Speer,SP 2053,180,180,1.167,0.271,0.441,0.441,0.441,0.441,0.441,0,0,0,0
0.308,Speer,TBBC 1765,180,180,1.267,0.271,0.357,0.357,0.357,0.357,0.357,0,0,0,0
0.308,Speer,BTSP 2052,180,180,1.282,0.271,0.545,0.545,0.545,0.545,0.545,0,0,0,0
0.308,Speer,BTHP M 2080,190,190,1.38,0.286,0.531,0.531,0.531,0.531,0.531,0,0,0,0
0.308,Speer,GRSLAM 2212,200,200,1.24,0.301,0.453,0.453,0.453,0.453,0.453,0,0,0,0
0.308,Speer,SP 2211,200,200,1.27,0.301,0.478,0.478,0.478,0.478,0.478,0,0,0,0
0.308,Speer,TBBC 1770,200,200,1.37,0.301,0.392,0.392,0.392,0.392,0.392,0,0,0,0
0.308,Swift,A-Frame FN,150,150,1.04,0.226,0.218,0.218,0.218,0.218,0.218,0,0,0,0
0.308,Swift,Scirocco,150,150,1.27,0.226,0.43,0.43,0.43,0.43,0.43,0,0,0,0
0.308,Swift,A-Frame SS,165,165,1.14,0.248,0.367,0.367,0.367,0.367,0.367,0,0,0,0
0.308,Swift,Scirocco,165,165,1.35,0.248,0.47,0.47,0.47,0.47,0.47,0,0,0,0
0.308,Swift,A-Frame SS,180,180,1.215,0.271,0.4,0.4,0.4,0.4,0.4,0,0,0,0
0.308,Swift,Scirocco,180,180,1.435,0.271,0.52,0.52,0.52,0.52,0.52,0,0,0,0
0.308,Swift,A-Frame SS,200,200,1.315,0.301,0.444,0.444,0.444,0.444,0.444,0,0,0,0
0.308,Swiss,Jagd CDP,165,165,1.155,0.248,0.34,0.34,0.34,0.34,0.34,0,0,0,0
0.308,Winchester,HP,110,110,N/A,0.166,0.18,0.18,0.18,0.18,0.18,0,0,0,0
0.308,Winchester,PSP,125,125,N/A,0.188,0.268,0.268,0.268,0.268,0.268,0,0,0,0
0.308,Winchester,FMJ Match,147,147,N/A,0.221,0.44,0.44,0.44,0.44,0.44,0,0,0,0
0.308,Winchester,SPFN Pow.Point 30-30,150,150,N/A,0.226,0.222,0.222,0.222,0.222,0.222,0,0,0,0
0.308,Winchester,SP Pow.Point,150,150,N/A,0.226,0.273,0.273,0.273,0.273,0.273,0,0,0,0
0.308,Winchester,Silv.Tip,150,150,N/A,0.226,0.318,0.318,0.318,0.318,0.318,0,0,0,0
0.308,Winchester,FN Silv.Tip BT,165,165,N/A,0.248,0.42,0.42,0.42,0.42,0.42,0,0,0,0
0.308,Winchester,FN Pow.Point 30-30,170,170,N/A,0.256,0.258,0.258,0.258,0.258,0.258,0,0,0,0
0.308,Winchester,FN Silv.Tip 30-30,170,170,N/A,0.256,0.258,0.258,0.258,0.258,0.258,0,0,0,0
0.308,Winchester,SPRN Pow.Point,180,180,N/A,0.271,0.248,0.248,0.248,0.248,0.248,0,0,0,0
0.308,Winchester,Silv.Tip,180,180,N/A,0.271,0.311,0.311,0.311,0.311,0.311,0,0,0,0
0.308,Winchester,FailSafe FS30,180,180,1.275,0.271,0.391,0.391,0.391,0.391,0.391,0,0,0,0
0.308,Winchester,SPFN Silv.Tip,190,190,N/A,0.286,0.251,0.251,0.251,0.251,0.251,0,0,0,0
0.308,Winchester,Silv.Tip,220,220,N/A,0.331,0.391,0.391,0.391,0.391,0.391,0,0,0,0
0.308,Woodleigh,PPFN WeldCore 65H,150,150,0.916,0.226,0.246,0.246,0.246,0.246,0.246,0,0,0,0
0.308,Woodleigh,PP WeldCore 65F,150,150,1.018,0.226,0.301,0.301,0.301,0.301,0.301,0,0,0,0
0.308,Woodleigh,PP WeldCore 65A,165,165,1.08,0.248,0.32,0.32,0.32,0.32,0.32,0,0,0,0
0.308,Woodleigh,PP WeldCore 65B,180,180,1.153,0.271,0.376,0.376,0.376,0.376,0.376,0,0,0,0
0.308,Woodleigh,PP WeldCore 65D,180,180,1.19,0.271,0.435,0.435,0.435,0.435,0.435,0,0,0,0
0.308,Woodleigh,PP WeldCore 65E,200,200,1.278,0.301,0.45,0.45,0.45,0.45,0.45,0,0,0,0
0.308,Woodleigh,FMJ 65,220,220,1.388,0.331,0.359,0.359,0.359,0.359,0.359,0,0,0,0
0.308,Woodleigh,RN WeldCore 65C,220,220,1.275,0.331,0.367,0.367,0.367,0.367,0.367,0,0,0,0
0.338,A-Square,DeadTough,250,250,N/A,0.313,0.3,0.3,0.3,0.3,0.3,0,0,0,0
0.338,A-Square,LionLoad,250,250,N/A,0.313,0.3,0.3,0.3,0.3,0.3,0,0,0,0
0.338,A-Square,MONO RN,250,250,N/A,0.313,0.3,0.3,0.3,0.3,0.3,0,0,0,0
0.338,Barnes,'X' S 33878,160,160,1.07,0.2,0.337,0.337,0.337,0.337,0.337,0,0,0,0
0.338,Barnes,'TTSX' S 33873,160,160,1.23,0.2,0.342,0.342,0.342,0.342,0.342,0,0,0,0
0.338,Barnes,'X' S 33880,175,175,1.15,0.219,0.385,0.385,0.385,0.385,0.385,0,0,0,0
0.338,Barnes,'X' BT 33881,185,185,1.205,0.231,0.342,0.342,0.342,0.342,0.342,0,0,0,0
0.338,Barnes,'TSX' BT 33843,185,185,1.227,0.231,0.352,0.352,0.352,0.352,0.352,0,0,0,0
0.338,Barnes,'MRX' BT 33863,185,185,1.35,0.231,0.379,0.379,0.379,0.379,0.379,0,0,0,0
0.338,Barnes,'XLC' BT 33854,185,185,1.205,0.231,0.429,0.429,0.429,0.429,0.429,0,0,0,0
0.338,Barnes,'X' S 33882,200,200,1.29,0.25,0.432,0.432,0.432,0.432,0.432,0,0,0,0
0.338,Barnes,Solid 33818,200,200,1.415,0.25,0.457,0.457,0.457,0.457,0.457,0,0,0,0
0.338,Barnes,'X' BT 33883,210,210,1.353,0.263,0.4,0.4,0.4,0.4,0.4,0,0,0,0
0.338,Barnes,'XLC' BT 33856,210,210,1.353,0.263,0.4,0.4,0.4,0.4,0.4,0,0,0,0
0.338,Barnes,'TSX' BT 33845,210,210,1.36,0.263,0.404,0.404,0.404,0.404,0.404,0,0,0,0
0.338,Barnes,'TTSX' BT 33876,210,210,1.46,0.263,0.482,0.482,0.482,0.482,0.482,0,0,0,0
0.338,Barnes,Solid 33820,210,210,1.484,0.263,0.472,0.472,0.472,0.472,0.472,0,0,0,0
0.338,Barnes,'X' S 33885,225,225,1.37,0.281,0.384,0.384,0.384,0.384,0.384,0,0,0,0
0.338,Barnes,'MRX' BT 33867,225,225,1.43,0.281,0.433,0.433,0.433,0.433,0.433,0,0,0,0
0.338,Barnes,'TSX' S 33846,225,225,1.418,0.281,0.386,0.386,0.386,0.386,0.386,0,0,0,0
0.338,Barnes,'TTSX' S 33879,225,225,1.5,0.281,0.514,0.514,0.514,0.514,0.514,0,0,0,0
0.338,Barnes,'XLC' S 33855,225,225,1.37,0.281,0.384,0.384,0.384,0.384,0.384,0,0,0,0
0.338,Barnes,Solid BT 33821,225,225,1.507,0.281,0.497,0.497,0.497,0.497,0.497,0,0,0,0
0.338,Barnes,'X' S 33890,250,250,1.495,0.313,0.422,0.422,0.422,0.422,0.422,0,0,0,0
0.338,Barnes,'TSX'33848,250,250,1.499,0.313,0.425,0.425,0.425,0.425,0.425,0,0,0,0
0.338,Barnes,BND SLD 33824,250,250,1.4,0.313,0.208,0.208,0.208,0.208,0.208,0,0,0,0
0.338,CT,BalSilTip 51200,200,200,1.335,0.25,0.414,0.414,0.414,0.414,0.414,0,0,0,0
0.338,CT,FailSafe 53230,230,230,1.375,0.288,0.436,0.436,0.436,0.436,0.436,0,0,0,0
0.338,CT,PartGold 52280,250,250,1.43,0.313,0.473,0.473,0.473,0.473,0.473,0,0,0,0
0.338,Delsing,SPFN 33820001,200,200,1.047,0.25,0.255,0.255,0.255,0.255,0.255,0,0,0,0
0.338,Delsing,SPFN 33825001,250,250,1.276,0.313,0.315,0.325,0.325,0.325,0.325,2051,0,0,0
0.338,Federal,SP Trophy Bond.,225,225,N/A,0.281,0.371,0.371,0.371,0.371,0.371,0,0,0,0
0.338,Frontier,HP,200,200,1.442,0.25,0.432,0.432,0.432,0.432,0.432,0,0,0,0
0.338,Frontier,HP,250,250,1.578,0.313,0.512,0.512,0.512,0.512,0.512,0,0,0,0
0.338,Frontier,HP,270,270,1.675,0.338,0.532,0.532,0.532,0.532,0.532,0,0,0,0
0.338,GPA,338/213,213,213,1.535,0.266,0.479,0.479,0.479,0.479,0.479,0,0,0,0
0.338,GPA,338S/217 Solid,217,217,1.299,0.271,0.479,0.479,0.479,0.479,0.479,0,0,0,0
0.338,GS-Custom,HV No.070 G5-BC,180,180,1.283,0.225,0.45,0.45,0.45,0.45,0.45,0,0,0,0
0.338,GS-Custom,HV No.067 G5-BC,200,200,1.425,0.25,0.47,0.47,0.47,0.47,0.47,0,0,0,0
0.338,GS-Custom,HP No.024,200,200,1.329,0.25,0.564,0.564,0.564,0.564,0.564,0,0,0,0
0.338,GS-Custom,HV No.055,225,225,1.528,0.281,0.46,0.46,0.46,0.46,0.46,0,0,0,0
0.338,GS-Custom,HP No.044,225,225,1.46,0.281,0.594,0.594,0.594,0.594,0.594,0,0,0,0
0.338,GS-Custom,FN No.085 no BC,250,250,1.467,0.313,0.36,0.36,0.36,0.36,0.36,0,0,0,0
0.338,GS-Custom,HP No.045,250,250,1.587,0.313,0.676,0.676,0.676,0.676,0.676,0,0,0,0
0.338,Hawk,FP,180,180,0.85,0.225,0.222,0.222,0.222,0.222,0.222,0,0,0,0
0.338,Hawk,RT,200,200,1.029,0.25,0.39,0.39,0.39,0.39,0.39,0,0,0,0
0.338,Hawk,RT,230,230,1.15,0.288,0.435,0.435,0.435,0.435,0.435,0,0,0,0
0.338,Hawk,RT,250,250,1.236,0.313,0.48,0.48,0.48,0.48,0.48,0,0,0,0
0.338,Hawk,RT,275,275,1.34,0.344,0.51,0.51,0.51,0.51,0.51,0,0,0,0
0.338,Hornady,FP 3315,200,200,0.99,0.25,0.2,0.2,0.2,0.2,0.2,0,0,0,0
0.338,Hornady,SP 3310,200,200,1.138,0.25,0.361,0.361,0.361,0.361,0.361,0,0,0,0
0.338,Hornady,InterBond 33209,225,225,1.405,0.281,0.43,0.43,0.43,0.43,0.43,0,0,0,0
0.338,Hornady,SP 3320,225,225,1.316,0.281,0.397,0.397,0.397,0.397,0.397,0,0,0,0
0.338,Hornady,SST InterLock 33202,225,225,1.455,0.281,0.43,0.43,0.43,0.43,0.43,0,0,0,0
0.338,Hornady,BTHP 33361,250,250,1.462,0.313,0.465,0.465,0.465,0.465,0.465,0,0,0,0
0.338,Hornady,RN 3330,250,250,1.188,0.313,0.291,0.291,0.291,0.291,0.291,0,0,0,0
0.338,Hornady,SP 3335,250,250,1.357,0.313,0.431,0.431,0.431,0.431,0.431,0,0,0,0
0.338,Impala,LWHV LS Bullet,165,165,1.312,0.206,0.327,0.327,0.327,0.327,0.327,0,0,0,0
0.338,Impala,RNFP KO Bullet,210,210,1.292,0.263,0.266,0.266,0.266,0.266,0.266,0,0,0,0
0.338,Lapua,Naturalis LR 8020,230,230,1.35,0.288,0.38,0.38,0.38,0.38,0.38,0,0,0,0
0.338,Lapua,LockBase B408 8012,250,250,1.457,0.313,0.662,0.662,0.662,0.662,0.662,0,0,0,0
0.338,Lapua,Mira EB431,250,250,1.358,0.313,0.459,0.459,0.459,0.459,0.459,0,0,0,0
0.338,Lapua,Scenar GB488 8017,250,250,1.575,0.313,0.675,0.675,0.675,0.675,0.675,0,0,0,0
0.338,Lapua,FOREX EX482,260,260,1.5,0.325,0.23,0.23,0.23,0.23,0.23,0,0,0,0
0.338,LEE,C338-220-1R,220,220,1.05,0.275,0.25,0.25,0.25,0.25,0.25,0,0,0,0
0.338,Lehigh,Match 338-100,245,245,1.8,0.306,0.869,0.869,0.869,0.869,0.869,0,0,0,0
0.338,LostRiver,J36,200,200,1.421,0.25,0.528,0.528,0.528,0.528,0.528,0,0,0,0
0.338,LostRiver,J36,225,225,1.545,0.281,0.617,0.617,0.617,0.617,0.617,0,0,0,0
0.338,LostRiver,J36,250,250,1.666,0.313,0.661,0.661,0.661,0.661,0.661,0,0,0,0
0.338,Norma,ORYX 68616,230,230,1.12,0.288,0.37,0.37,0.37,0.37,0.37,0,0,0,0
0.338,NorthFork,BondedCore,200,200,1.172,0.25,0.35,0.35,0.35,0.35,0.35,0,0,0,0
0.338,NorthFork,BondedCore,225,225,1.31,0.281,0.38,0.38,0.38,0.38,0.38,0,0,0,0
0.338,NorthFork,BondedCore,240,240,1.395,0.3,0.407,0.407,0.407,0.407,0.407,0,0,0,0
0.338,Nosler,BalTip 33180,180,180,1.26,0.225,0.372,0.372,0.372,0.372,0.372,0,0,0,0
0.338,Nosler,AccuBond 54374,180,180,1.24,0.225,0.372,0.372,0.372,0.372,0.372,0,0,0,0
0.338,Nosler,BalTip 33200,200,200,1.34,0.25,0.414,0.414,0.414,0.414,0.414,0,0,0,0
0.338,Nosler,Accubond 56382,200,200,1.34,0.25,0.414,0.414,0.414,0.414,0.414,0,0,0,0
0.338,Nosler,BalSilTip 51200,200,200,1.34,0.25,0.414,0.414,0.414,0.414,0.414,0,0,0,0
0.338,Nosler,BalTip 39595,200,200,1.32,0.25,0.414,0.414,0.414,0.414,0.414,0,0,0,0
0.338,Nosler,PART SP 16337,210,210,1.2,0.263,0.4,0.4,0.4,0.4,0.4,0,0,0,0
0.338,Nosler,AccuBond 54357,225,225,1.45,0.281,0.55,0.55,0.55,0.55,0.55,0,0,0,0
0.338,Nosler,PART SP 16336,225,225,1.3,0.281,0.454,0.454,0.454,0.454,0.454,0,0,0,0
0.338,Nosler,CT FailSafe 53230,230,230,1.375,0.288,0.436,0.436,0.436,0.436,0.436,0,0,0,0
0.338,Nosler,AccuBond 57287,250,250,1.47,0.313,0.575,0.575,0.575,0.575,0.575,0,0,0,0
0.338,Nosler,PartGold 52280,250,250,1.375,0.313,0.473,0.473,0.473,0.473,0.473,0,0,0,0
0.338,Nosler,PART RN 16338,250,250,1.34,0.313,0.364,0.364,0.364,0.364,0.364,0,0,0,0
0.338,Nosler,PART SP 35644,250,250,1.375,0.313,0.473,0.473,0.473,0.473,0.473,0,0,0,0
0.338,PMC,X-B,225,225,N/A,0.281,0.472,0.472,0.472,0.472,0.472,0,0,0,0
0.338,Reichenberg,HDB Universal,150,150,1.001,0.188,0.21,0.21,0.21,0.21,0.21,0,0,0,0
0.338,Reichenberg,Spezial Jagd,154,154,0.888,0.193,0.181,0.181,0.181,0.181,0.181,0,0,0,0
0.338,Reichenberg,HDB Universal,170,170,1.104,0.213,0.215,0.215,0.215,0.215,0.215,0,0,0,0
0.338,Reichenberg,Spez Dr,190,170,1.111,0.213,0.205,0.205,0.205,0.205,0.205,0,0,0,0
0.338,Reichenberg,HDB Universal,200,200,1.287,0.25,0.261,0.261,0.261,0.261,0.261,0,0,0,0
0.338,Reichenberg,HDB Universal,220,240,1.406,0.3,0.31,0.31,0.31,0.31,0.31,0,0,0,0
0.338,Remington,PSP,225,225,N/A,0.281,0.435,0.435,0.435,0.435,0.435,0,0,0,0
0.338,Remington,PSP,250,250,N/A,0.313,0.433,0.433,0.433,0.433,0.433,0,0,0,0
0.338,RUAG,SM-HPBT Styx,248,248,1.33,0.31,0.422,0.422,0.422,0.422,0.422,0,0,0,0
0.338,RUAG,SM-Solid FNBT,250,250,1.547,0.313,0.39,0.39,0.39,0.39,0.39,0,0,0,0
0.338,RUAG,SM-Ball FMJ,252,252,1.468,0.315,0.643,0.643,0.643,0.643,0.643,0,0,0,0
0.338,RUAG,SM-AP-FMJHC,260,260,1.417,0.325,0.667,0.667,0.667,0.667,0.667,0,0,0,0
0.338,Sako,HammerHd 211F,250,250,1.22,0.313,0.342,0.342,0.342,0.342,0.342,0,0,0,0
0.338,Sierra,SPBT 2610,215,215,1.27,0.269,0.477,0.465,0.452,0.452,0.452,2000,1600,0,0
0.338,Sierra,HPBT MatchK 2650,250,250,1.584,0.313,0.577,0.595,0.566,0.475,0.475,2150,1700,1400,0
0.338,Sierra,SPBT 2600,250,250,1.435,0.313,0.555,0.553,0.54,0.528,0.528,2500,2000,1600,0
0.338,Sierra,HPBT MKLR 9300,300,300,1.719,0.375,0.755,0.747,0.737,0.737,0.737,2300,1800,0,0
0.338,Sierra,HPBT LR MatchK 9300,300,300,1.736,0.375,0.755,0.747,0.737,0.737,0.737,2300,1800,0,0
0.338,Speer,SP 2405,200,200,1.12,0.25,0.426,0.426,0.426,0.426,0.426,0,0,0,0
0.338,Speer,BTSP 2406,225,225,1.31,0.281,0.497,0.497,0.497,0.497,0.497,0,0,0,0
0.338,Speer,GRSLAM 2407,225,225,1.16,0.281,0.382,0.382,0.382,0.382,0.382,0,0,0,0
0.338,Speer,TBBC 1775,225,225,1.33,0.281,0.376,0.376,0.376,0.376,0.376,0,0,0,0
0.338,Speer,GrandSlam 2408,250,250,1.28,0.313,0.424,0.424,0.424,0.424,0.424,0,0,0,0
0.338,Speer,GRSLAM 2408,250,250,1.23,0.313,0.436,0.436,0.436,0.436,0.436,0,0,0,0
0.338,Speer,SSP 2411,275,275,1.364,0.344,0.448,0.448,0.448,0.448,0.448,0,0,0,0
0.338,Speer,AGS TS 2414,275,275,1.33,0.344,0.286,0.286,0.286,0.286,0.286,0,0,0,0
0.338,Swift,Scirocco,210,210,1.393,0.263,0.507,0.507,0.507,0.507,0.507,0,0,0,0
0.338,Swift,A-Frame SS,225,225,1.245,0.281,0.384,0.384,0.384,0.384,0.384,0,0,0,0
0.338,Swift,A-Frame SS,250,250,1.335,0.313,0.427,0.427,0.427,0.427,0.427,0,0,0,0
0.338,Swift,A-Frame SS,275,275,1.435,0.344,0.469,0.469,0.469,0.469,0.469,0,0,0,0
0.338,Winchester,SP Pow.Point,200,200,N/A,0.25,0.31,0.31,0.31,0.31,0.31,0,0,0,0
0.338,Winchester,SP,225,225,N/A,0.281,0.438,0.438,0.438,0.438,0.438,0,0,0,0
0.338,Winchester,FailSafe FS338,230,230,N/A,0.288,0.436,0.436,0.436,0.436,0.436,0,0,0,0
0.338,Woodleigh,PP WeldCore 56A,225,225,1.189,0.281,0.425,0.425,0.425,0.425,0.425,0,0,0,0
0.338,Woodleigh,FMJ 57,250,250,1.334,0.313,0.326,0.326,0.326,0.326,0.326,0,0,0,0
0.338,Woodleigh,PP WeldCore 56B,250,250,1.288,0.313,0.47,0.47,0.47,0.47,0.47,0,0,0,0
0.338,Woodleigh,SN WeldCore 56,250,250,1.226,0.313,0.332,0.332,0.332,0.332,0.332,0,0,0,0
0.338,Woodleigh,FMJ 59,300,300,1.558,0.375,0.398,0.398,0.398,0.398,0.398,0,0,0,0
0.338,Woodleigh,SN WeldCore 58,300,300,1.43,0.375,0.416,0.416,0.416,0.416,0.416,0,0,0,0
